customer_id,customer_code,customer_name,region_id,signup_date,account_status
1,CUST00001,Karthik Bose,2,2025-07-15,ACTIVE
2,CUST00002,Arjun Kulkarni,2,2025-01-13,ACTIVE
3,CUST00003,Riya Iyer,4,2026-02-26,ACTIVE
4,CUST00004,Nikhil Kapoor,1,2026-02-22,ACTIVE
5,CUST00005,Aditya Kumar,1,2026-03-05,INACTIVE
6,CUST00006,Aditya Patel,2,2026-05-30,ACTIVE
7,CUST00007,Varun Joshi,4,2025-07-15,INACTIVE
8,CUST00008,Priya Mehta,1,2025-12-28,ACTIVE
9,CUST00009,Arjun Iyer,4,2025-12-15,ACTIVE
10,CUST00010,Vivaan Bose,1,2025-08-20,ACTIVE
11,CUST00011,Sneha Joshi,2,2026-04-17,ACTIVE
12,CUST00012,Riya Naidu,3,2026-07-23,ACTIVE
13,CUST00013,Meera Gupta,2,2025-05-13,ACTIVE
14,CUST00014,Diya Mishra,1,2026-05-12,ACTIVE
15,CUST00015,Nandini Naidu,4,2025-09-16,ACTIVE
16,CUST00016,Kavya Kulkarni,3,2025-11-02,ACTIVE
17,CUST00017,Varun Das,1,2025-02-08,ACTIVE
18,CUST00018,Nandini Mishra,4,2025-10-12,ACTIVE
19,CUST00019,Karthik Joshi,3,2025-01-26,ACTIVE
20,CUST00020,Sai Bose,1,2025-01-02,INACTIVE
21,CUST00021,Ishita Das,3,2026-03-07,ACTIVE
22,CUST00022,Karthik Naidu,1,2025-12-28,ACTIVE
23,CUST00023,Aditya Kapoor,4,2025-05-20,INACTIVE
24,CUST00024,Aditi Mehta,1,2025-07-04,SUSPENDED
25,CUST00025,Kavya Nair,2,2025-10-11,ACTIVE
26,CUST00026,Aditya Menon,2,2025-11-06,SUSPENDED
27,CUST00027,Sai Patel,1,2025-05-15,ACTIVE
28,CUST00028,Nikhil Naidu,1,2025-11-15,ACTIVE
29,CUST00029,Riya Sharma,3,2025-02-22,CLOSED
30,CUST00030,Aarav Singh,3,2025-11-27,INACTIVE
31,CUST00031,Sai Chauhan,2,2025-04-08,ACTIVE
32,CUST00032,Nikhil Reddy,1,2026-06-13,ACTIVE
33,CUST00033,Ishita Gupta,3,2026-07-03,ACTIVE
34,CUST00034,Rohan Reddy,1,2025-06-08,CLOSED
35,CUST00035,Vivaan Joshi,1,2025-09-26,ACTIVE
36,CUST00036,Rohan Chauhan,3,2026-01-27,ACTIVE
37,CUST00037,Diya Menon,1,2025-06-28,ACTIVE
38,CUST00038,Rahul Nair,4,2026-07-08,ACTIVE
39,CUST00039,Nandini Bose,1,2026-02-26,ACTIVE
40,CUST00040,Rahul Nair,2,2025-10-10,INACTIVE
41,CUST00041,Kavya Mishra,4,2026-05-04,ACTIVE
42,CUST00042,Rohan Nair,1,2026-06-07,ACTIVE
43,CUST00043,Sai Kulkarni,3,2025-01-18,ACTIVE
44,CUST00044,Riya Nair,2,2025-03-09,ACTIVE
45,CUST00045,Aditi Reddy,1,2025-07-17,ACTIVE
46,CUST00046,Rohan Verma,1,2026-06-19,ACTIVE
47,CUST00047,Riya Menon,4,2025-04-29,ACTIVE
48,CUST00048,Diya Sharma,4,2025-03-08,ACTIVE
49,CUST00049,Kavya Rao,2,2026-05-03,ACTIVE
50,CUST00050,Kavya Sharma,2,2025-06-12,ACTIVE
51,CUST00051,Rahul Naidu,1,2026-03-25,ACTIVE
52,CUST00052,Diya Rao,3,2025-05-27,ACTIVE
53,CUST00053,Priya Bose,1,2025-03-26,ACTIVE
54,CUST00054,Aarav Singh,1,2025-12-05,ACTIVE
55,CUST00055,Arjun Kapoor,2,2025-10-06,ACTIVE
56,CUST00056,Diya Das,3,2025-02-16,ACTIVE
57,CUST00057,Ishita Rao,1,2025-12-10,ACTIVE
58,CUST00058,Diya Sharma,2,2026-04-09,ACTIVE
59,CUST00059,Aditi Rao,2,2026-05-02,ACTIVE
60,CUST00060,Kavya Menon,4,2025-06-11,INACTIVE
61,CUST00061,Aditya Naidu,3,2025-01-30,ACTIVE
62,CUST00062,Rohan Singh,3,2025-04-12,ACTIVE
63,CUST00063,Nandini Kulkarni,4,2025-12-05,INACTIVE
64,CUST00064,Priya Iyer,2,2025-06-03,ACTIVE
65,CUST00065,Varun Joshi,3,2025-12-27,CLOSED
66,CUST00066,Ananya Chauhan,2,2026-06-04,ACTIVE
67,CUST00067,Ananya Patel,3,2025-04-28,ACTIVE
68,CUST00068,Diya Gupta,2,2025-10-26,ACTIVE
69,CUST00069,Nandini Gupta,1,2025-02-27,SUSPENDED
70,CUST00070,Aditi Joshi,2,2025-08-30,ACTIVE
71,CUST00071,Diya Kulkarni,2,2025-05-28,ACTIVE
72,CUST00072,Aarav Naidu,3,2025-06-20,ACTIVE
73,CUST00073,Vivaan Joshi,4,2025-04-03,ACTIVE
74,CUST00074,Aditya Reddy,3,2025-03-14,CLOSED
75,CUST00075,Karthik Kumar,1,2025-04-11,ACTIVE
76,CUST00076,Rohan Bose,1,2025-09-20,ACTIVE
77,CUST00077,Aditya Naidu,1,2026-06-13,CLOSED
78,CUST00078,Rohan Naidu,3,2025-08-21,ACTIVE
79,CUST00079,Rahul Verma,2,2026-03-14,ACTIVE
80,CUST00080,Aditi Gupta,4,2026-07-27,CLOSED
81,CUST00081,Diya Chauhan,3,2025-09-27,ACTIVE
82,CUST00082,Nandini Sharma,1,2025-06-16,ACTIVE
83,CUST00083,Priya Kapoor,2,2026-05-07,SUSPENDED
84,CUST00084,Kavya Mishra,3,2025-06-03,ACTIVE
85,CUST00085,Arjun Das,3,2025-06-25,ACTIVE
86,CUST00086,Sai Nair,1,2025-12-02,ACTIVE
87,CUST00087,Priya Naidu,1,2026-03-04,ACTIVE
88,CUST00088,Ananya Naidu,2,2026-01-07,ACTIVE
89,CUST00089,Sneha Kulkarni,3,2026-07-26,ACTIVE
90,CUST00090,Aditya Kumar,4,2025-03-20,INACTIVE
91,CUST00091,Rahul Mehta,4,2026-01-27,ACTIVE
92,CUST00092,Aditya Joshi,2,2026-04-14,ACTIVE
93,CUST00093,Sai Patel,3,2026-01-08,ACTIVE
94,CUST00094,Riya Naidu,4,2026-03-25,ACTIVE
95,CUST00095,Aditi Bose,4,2026-07-11,INACTIVE
96,CUST00096,Ishita Kulkarni,2,2025-09-25,ACTIVE
97,CUST00097,Arjun Kapoor,1,2025-09-06,ACTIVE
98,CUST00098,Riya Joshi,4,2025-09-28,ACTIVE
99,CUST00099,Vivaan Das,2,2025-10-16,ACTIVE
100,CUST00100,Rohan Nair,3,2025-08-27,ACTIVE
101,CUST00101,Rohan Patel,1,2025-05-04,ACTIVE
102,CUST00102,Ananya Nair,3,2025-04-11,INACTIVE
103,CUST00103,Rahul Mishra,1,2025-06-09,ACTIVE
104,CUST00104,Karthik Kapoor,2,2025-12-26,ACTIVE
105,CUST00105,Diya Naidu,2,2025-03-18,ACTIVE
106,CUST00106,Ishita Chauhan,3,2026-07-08,ACTIVE
107,CUST00107,Ishita Kumar,4,2026-07-21,ACTIVE
108,CUST00108,Riya Das,4,2025-07-02,ACTIVE
109,CUST00109,Arjun Singh,4,2025-04-03,INACTIVE
110,CUST00110,Rohan Naidu,2,2026-01-03,CLOSED
111,CUST00111,Ananya Singh,4,2026-06-27,ACTIVE
112,CUST00112,Sneha Joshi,2,2025-08-23,ACTIVE
113,CUST00113,Karthik Naidu,4,2025-12-06,ACTIVE
114,CUST00114,Ananya Sharma,3,2025-08-19,ACTIVE
115,CUST00115,Nandini Rao,3,2025-04-19,ACTIVE
116,CUST00116,Riya Kulkarni,1,2026-02-26,ACTIVE
117,CUST00117,Ishita Kumar,1,2026-01-27,ACTIVE
118,CUST00118,Sai Singh,2,2026-07-12,ACTIVE
119,CUST00119,Varun Kulkarni,3,2026-06-28,ACTIVE
120,CUST00120,Kavya Mishra,4,2026-07-27,ACTIVE
121,CUST00121,Sneha Kumar,3,2025-02-10,SUSPENDED
122,CUST00122,Sai Joshi,2,2025-08-31,ACTIVE
123,CUST00123,Rohan Patel,4,2026-03-14,ACTIVE
124,CUST00124,Diya Mehta,3,2026-07-30,INACTIVE
125,CUST00125,Sai Joshi,4,2025-12-07,ACTIVE
126,CUST00126,Aditi Naidu,2,2026-05-15,ACTIVE
127,CUST00127,Nandini Naidu,2,2026-02-19,ACTIVE
128,CUST00128,Meera Nair,4,2026-02-27,ACTIVE
129,CUST00129,Ishita Rao,2,2025-05-22,ACTIVE
130,CUST00130,Aditi Das,4,2026-03-04,INACTIVE
131,CUST00131,Ishita Kumar,1,2025-12-07,INACTIVE
132,CUST00132,Ananya Gupta,4,2026-05-17,ACTIVE
133,CUST00133,Sneha Singh,2,2025-11-27,ACTIVE
134,CUST00134,Rohan Singh,3,2026-06-22,ACTIVE
135,CUST00135,Nikhil Bose,2,2025-02-06,INACTIVE
136,CUST00136,Aditya Joshi,2,2025-11-02,SUSPENDED
137,CUST00137,Aditi Mishra,2,2025-02-25,ACTIVE
138,CUST00138,Diya Menon,1,2025-02-03,ACTIVE
139,CUST00139,Kavya Chauhan,3,2026-05-10,ACTIVE
140,CUST00140,Karthik Bose,3,2025-08-03,ACTIVE
141,CUST00141,Karthik Kumar,2,2025-12-26,ACTIVE
142,CUST00142,Ananya Joshi,4,2026-06-24,INACTIVE
143,CUST00143,Kavya Naidu,3,2026-02-19,ACTIVE
144,CUST00144,Ananya Rao,1,2025-03-01,ACTIVE
145,CUST00145,Sai Chauhan,1,2025-06-27,INACTIVE
146,CUST00146,Sneha Kapoor,2,2025-03-27,ACTIVE
147,CUST00147,Karthik Naidu,2,2026-04-19,CLOSED
148,CUST00148,Karthik Verma,2,2026-06-14,ACTIVE
149,CUST00149,Ishita Patel,2,2026-08-07,ACTIVE
150,CUST00150,Varun Reddy,2,2025-09-07,SUSPENDED
151,CUST00151,Ananya Kapoor,4,2026-04-27,ACTIVE
152,CUST00152,Meera Bose,1,2025-09-20,SUSPENDED
153,CUST00153,Priya Das,3,2026-06-22,ACTIVE
154,CUST00154,Riya Das,1,2025-03-14,ACTIVE
155,CUST00155,Nikhil Chauhan,2,2025-12-06,SUSPENDED
156,CUST00156,Meera Mishra,1,2026-03-12,INACTIVE
157,CUST00157,Rahul Joshi,3,2026-08-14,ACTIVE
158,CUST00158,Karthik Mehta,2,2025-07-31,ACTIVE
159,CUST00159,Riya Patel,2,2026-08-09,ACTIVE
160,CUST00160,Varun Naidu,1,2026-05-03,ACTIVE
161,CUST00161,Sneha Naidu,2,2026-05-07,ACTIVE
162,CUST00162,Ananya Menon,2,2025-12-21,ACTIVE
163,CUST00163,Rahul Singh,4,2025-12-08,ACTIVE
164,CUST00164,Vivaan Singh,2,2025-11-22,ACTIVE
165,CUST00165,Aditi Joshi,1,2025-11-03,ACTIVE
166,CUST00166,Ishita Bose,3,2026-06-15,ACTIVE
167,CUST00167,Ishita Das,2,2026-01-17,SUSPENDED
168,CUST00168,Sai Joshi,3,2025-02-02,ACTIVE
169,CUST00169,Priya Das,2,2026-06-08,INACTIVE
170,CUST00170,Nikhil Patel,4,2025-09-18,INACTIVE
171,CUST00171,Arjun Singh,3,2026-05-20,ACTIVE
172,CUST00172,Varun Nair,2,2025-07-06,ACTIVE
173,CUST00173,Aditi Kulkarni,3,2026-01-15,ACTIVE
174,CUST00174,Sneha Kumar,2,2026-06-22,ACTIVE
175,CUST00175,Rohan Mishra,2,2025-11-15,INACTIVE
176,CUST00176,Karthik Joshi,1,2025-02-10,INACTIVE
177,CUST00177,Rahul Kulkarni,4,2025-03-21,ACTIVE
178,CUST00178,Nikhil Kumar,2,2026-05-11,ACTIVE
179,CUST00179,Aditi Mehta,2,2026-02-06,INACTIVE
180,CUST00180,Nikhil Patel,1,2026-02-06,ACTIVE
181,CUST00181,Priya Kulkarni,4,2026-07-28,INACTIVE
182,CUST00182,Karthik Reddy,1,2025-09-07,ACTIVE
183,CUST00183,Vivaan Verma,2,2025-02-02,ACTIVE
184,CUST00184,Diya Bose,3,2025-08-01,ACTIVE
185,CUST00185,Meera Chauhan,2,2025-10-27,ACTIVE
186,CUST00186,Sneha Singh,3,2025-03-31,ACTIVE
187,CUST00187,Nandini Patel,3,2025-08-19,ACTIVE
188,CUST00188,Vivaan Gupta,2,2026-03-11,ACTIVE
189,CUST00189,Sneha Chauhan,4,2025-07-31,ACTIVE
190,CUST00190,Ananya Singh,2,2025-07-14,SUSPENDED
191,CUST00191,Ishita Bose,3,2025-12-18,ACTIVE
192,CUST00192,Arjun Verma,2,2025-01-11,ACTIVE
193,CUST00193,Riya Verma,4,2025-03-24,ACTIVE
194,CUST00194,Rahul Mishra,4,2025-11-22,ACTIVE
195,CUST00195,Priya Nair,2,2025-01-20,ACTIVE
196,CUST00196,Nandini Kapoor,1,2025-06-28,ACTIVE
197,CUST00197,Karthik Kapoor,1,2026-06-16,ACTIVE
198,CUST00198,Kavya Chauhan,2,2025-08-09,ACTIVE
199,CUST00199,Priya Reddy,3,2025-10-26,SUSPENDED
200,CUST00200,Nandini Gupta,1,2025-12-19,SUSPENDED
201,CUST00201,Aditya Verma,2,2026-03-10,ACTIVE
202,CUST00202,Riya Iyer,4,2026-03-16,ACTIVE
203,CUST00203,Vivaan Chauhan,4,2026-05-28,ACTIVE
204,CUST00204,Ishita Mehta,2,2026-04-29,ACTIVE
205,CUST00205,Karthik Naidu,2,2026-08-06,ACTIVE
206,CUST00206,Rohan Naidu,3,2025-10-02,ACTIVE
207,CUST00207,Diya Bose,3,2026-01-21,ACTIVE
208,CUST00208,Arjun Gupta,1,2025-03-12,ACTIVE
209,CUST00209,Aditya Mishra,3,2025-10-29,ACTIVE
210,CUST00210,Vivaan Kumar,4,2025-01-08,ACTIVE
211,CUST00211,Vivaan Sharma,2,2025-10-24,ACTIVE
212,CUST00212,Arjun Patel,1,2026-04-19,ACTIVE
213,CUST00213,Ishita Bose,4,2026-05-19,ACTIVE
214,CUST00214,Riya Rao,4,2026-03-12,ACTIVE
215,CUST00215,Ananya Kumar,3,2025-03-05,ACTIVE
216,CUST00216,Ananya Chauhan,4,2025-03-31,ACTIVE
217,CUST00217,Meera Patel,2,2026-04-05,ACTIVE
218,CUST00218,Varun Sharma,1,2025-08-08,ACTIVE
219,CUST00219,Aarav Bose,2,2026-07-11,ACTIVE
220,CUST00220,Rahul Gupta,2,2026-03-21,ACTIVE
221,CUST00221,Aditya Mishra,3,2025-04-26,ACTIVE
222,CUST00222,Riya Menon,4,2026-07-30,ACTIVE
223,CUST00223,Kavya Gupta,2,2025-01-24,ACTIVE
224,CUST00224,Rohan Naidu,2,2025-12-11,ACTIVE
225,CUST00225,Aditya Mishra,3,2026-03-04,ACTIVE
226,CUST00226,Meera Das,2,2026-05-12,ACTIVE
227,CUST00227,Riya Rao,1,2026-06-15,ACTIVE
228,CUST00228,Ishita Joshi,2,2026-02-17,ACTIVE
229,CUST00229,Nandini Das,1,2025-12-12,ACTIVE
230,CUST00230,Vivaan Kulkarni,1,2025-02-12,ACTIVE
231,CUST00231,Kavya Mishra,1,2025-12-25,ACTIVE
232,CUST00232,Aditya Rao,2,2025-05-05,ACTIVE
233,CUST00233,Nandini Reddy,1,2025-01-19,CLOSED
234,CUST00234,Aditya Kapoor,1,2025-04-15,SUSPENDED
235,CUST00235,Aarav Nair,4,2025-04-14,ACTIVE
236,CUST00236,Varun Chauhan,3,2025-06-20,ACTIVE
237,CUST00237,Diya Joshi,2,2026-04-13,ACTIVE
238,CUST00238,Nandini Verma,2,2025-09-02,ACTIVE
239,CUST00239,Varun Chauhan,3,2025-12-26,ACTIVE
240,CUST00240,Rahul Reddy,4,2025-11-01,ACTIVE
241,CUST00241,Aditi Verma,4,2025-01-17,ACTIVE
242,CUST00242,Nandini Bose,3,2026-05-10,CLOSED
243,CUST00243,Diya Sharma,3,2025-05-13,INACTIVE
244,CUST00244,Vivaan Gupta,3,2026-06-05,ACTIVE
245,CUST00245,Nandini Kulkarni,4,2026-07-16,ACTIVE
246,CUST00246,Aditya Patel,1,2026-07-12,ACTIVE
247,CUST00247,Nikhil Kumar,1,2025-10-16,ACTIVE
248,CUST00248,Priya Reddy,4,2025-02-22,ACTIVE
249,CUST00249,Nandini Joshi,3,2025-11-03,ACTIVE
250,CUST00250,Ishita Kumar,2,2026-07-08,ACTIVE
251,CUST00251,Diya Menon,4,2025-11-21,ACTIVE
252,CUST00252,Vivaan Gupta,4,2025-12-30,ACTIVE
253,CUST00253,Riya Sharma,1,2026-04-25,ACTIVE
254,CUST00254,Sneha Mehta,3,2026-05-27,ACTIVE
255,CUST00255,Vivaan Nair,3,2025-08-18,SUSPENDED
256,CUST00256,Priya Chauhan,4,2026-08-05,ACTIVE
257,CUST00257,Riya Kulkarni,2,2026-08-12,ACTIVE
258,CUST00258,Arjun Das,1,2026-02-21,ACTIVE
259,CUST00259,Ishita Rao,3,2025-12-03,ACTIVE
260,CUST00260,Sneha Reddy,3,2025-11-26,ACTIVE
261,CUST00261,Aditi Gupta,1,2026-05-17,ACTIVE
262,CUST00262,Ishita Mehta,4,2025-11-22,ACTIVE
263,CUST00263,Nandini Mehta,2,2025-05-27,ACTIVE
264,CUST00264,Ananya Das,2,2025-07-13,ACTIVE
265,CUST00265,Ananya Rao,2,2025-08-13,SUSPENDED
266,CUST00266,Ananya Kumar,1,2025-09-13,ACTIVE
267,CUST00267,Ananya Nair,3,2025-11-25,ACTIVE
268,CUST00268,Nandini Chauhan,1,2026-04-17,ACTIVE
269,CUST00269,Priya Patel,4,2026-03-30,SUSPENDED
270,CUST00270,Varun Reddy,2,2026-02-10,ACTIVE
271,CUST00271,Priya Rao,2,2025-03-07,CLOSED
272,CUST00272,Kavya Kapoor,2,2025-06-08,INACTIVE
273,CUST00273,Ananya Iyer,4,2025-07-04,ACTIVE
274,CUST00274,Meera Singh,3,2026-01-27,INACTIVE
275,CUST00275,Arjun Verma,2,2025-08-07,ACTIVE
276,CUST00276,Rohan Kapoor,2,2026-02-04,ACTIVE
277,CUST00277,Rahul Sharma,4,2025-02-10,ACTIVE
278,CUST00278,Vivaan Iyer,2,2025-01-23,ACTIVE
279,CUST00279,Aditya Menon,2,2025-03-25,SUSPENDED
280,CUST00280,Aditya Rao,3,2025-07-05,ACTIVE
281,CUST00281,Rahul Singh,4,2025-06-21,ACTIVE
282,CUST00282,Ishita Kapoor,2,2026-01-31,ACTIVE
283,CUST00283,Meera Mehta,2,2025-10-26,ACTIVE
284,CUST00284,Aarav Singh,4,2025-12-23,ACTIVE
285,CUST00285,Meera Bose,4,2025-07-30,ACTIVE
286,CUST00286,Diya Reddy,1,2025-06-03,ACTIVE
287,CUST00287,Sai Joshi,2,2025-05-18,ACTIVE
288,CUST00288,Sai Naidu,3,2026-08-02,INACTIVE
289,CUST00289,Karthik Kumar,2,2025-07-18,ACTIVE
290,CUST00290,Aditya Chauhan,4,2025-05-16,ACTIVE
291,CUST00291,Ananya Reddy,4,2025-11-02,ACTIVE
292,CUST00292,Meera Nair,3,2025-04-15,INACTIVE
293,CUST00293,Aarav Kapoor,1,2025-09-04,ACTIVE
294,CUST00294,Ishita Mehta,2,2026-01-23,ACTIVE
295,CUST00295,Ishita Rao,2,2025-09-09,ACTIVE
296,CUST00296,Riya Joshi,1,2025-05-27,ACTIVE
297,CUST00297,Rahul Rao,1,2026-02-01,ACTIVE
298,CUST00298,Sai Verma,4,2025-12-20,ACTIVE
299,CUST00299,Nikhil Nair,1,2025-05-20,INACTIVE
300,CUST00300,Karthik Nair,1,2026-07-26,ACTIVE
301,CUST00301,Aarav Das,1,2025-08-26,ACTIVE
302,CUST00302,Priya Das,2,2025-03-20,ACTIVE
303,CUST00303,Riya Kapoor,2,2026-02-11,ACTIVE
304,CUST00304,Arjun Verma,1,2025-08-01,ACTIVE
305,CUST00305,Sneha Kapoor,1,2025-02-19,ACTIVE
306,CUST00306,Vivaan Kulkarni,2,2025-04-24,ACTIVE
307,CUST00307,Priya Chauhan,1,2025-11-17,INACTIVE
308,CUST00308,Vivaan Verma,2,2025-01-29,INACTIVE
309,CUST00309,Aditi Sharma,3,2025-07-06,ACTIVE
310,CUST00310,Sai Menon,1,2025-09-13,INACTIVE
311,CUST00311,Ishita Sharma,4,2025-03-23,ACTIVE
312,CUST00312,Varun Naidu,1,2025-01-30,ACTIVE
313,CUST00313,Vivaan Verma,2,2026-03-06,ACTIVE
314,CUST00314,Ishita Nair,2,2025-09-26,ACTIVE
315,CUST00315,Vivaan Chauhan,1,2026-03-19,ACTIVE
316,CUST00316,Priya Kapoor,1,2026-06-02,INACTIVE
317,CUST00317,Aarav Mehta,2,2025-07-29,ACTIVE
318,CUST00318,Ishita Patel,1,2026-02-07,INACTIVE
319,CUST00319,Nikhil Gupta,4,2025-08-01,ACTIVE
320,CUST00320,Riya Kumar,1,2025-12-07,SUSPENDED
321,CUST00321,Rahul Mehta,4,2026-02-10,ACTIVE
322,CUST00322,Aditya Reddy,4,2025-04-01,ACTIVE
323,CUST00323,Aditi Mishra,4,2026-07-29,ACTIVE
324,CUST00324,Rahul Joshi,3,2025-03-02,CLOSED
325,CUST00325,Karthik Joshi,2,2025-03-02,ACTIVE
326,CUST00326,Diya Joshi,4,2026-01-25,ACTIVE
327,CUST00327,Rohan Kumar,2,2026-07-30,ACTIVE
328,CUST00328,Aditi Menon,3,2025-08-07,ACTIVE
329,CUST00329,Rahul Verma,4,2026-04-15,SUSPENDED
330,CUST00330,Kavya Rao,1,2026-02-09,CLOSED
331,CUST00331,Diya Nair,1,2025-03-28,ACTIVE
332,CUST00332,Nandini Gupta,1,2025-12-04,ACTIVE
333,CUST00333,Vivaan Kapoor,1,2026-05-04,ACTIVE
334,CUST00334,Aditya Menon,2,2025-04-07,ACTIVE
335,CUST00335,Aarav Naidu,1,2026-08-15,ACTIVE
336,CUST00336,Rohan Kapoor,2,2025-07-03,ACTIVE
337,CUST00337,Kavya Patel,2,2025-05-29,ACTIVE
338,CUST00338,Aditi Reddy,3,2025-05-05,ACTIVE
339,CUST00339,Ananya Kapoor,2,2025-01-04,ACTIVE
340,CUST00340,Aarav Naidu,1,2025-04-24,ACTIVE
341,CUST00341,Rahul Kapoor,3,2026-01-05,ACTIVE
342,CUST00342,Priya Bose,3,2025-02-07,ACTIVE
343,CUST00343,Meera Sharma,1,2025-10-17,INACTIVE
344,CUST00344,Ananya Nair,2,2025-01-16,ACTIVE
345,CUST00345,Karthik Nair,1,2026-05-08,ACTIVE
346,CUST00346,Varun Bose,2,2025-09-18,ACTIVE
347,CUST00347,Aarav Singh,4,2025-03-07,ACTIVE
348,CUST00348,Nikhil Verma,1,2026-02-02,ACTIVE
349,CUST00349,Kavya Mishra,1,2025-08-15,ACTIVE
350,CUST00350,Nandini Kulkarni,2,2026-05-22,ACTIVE
351,CUST00351,Rahul Kulkarni,1,2026-06-03,ACTIVE
352,CUST00352,Vivaan Sharma,4,2026-03-22,ACTIVE
353,CUST00353,Rahul Iyer,4,2025-12-24,ACTIVE
354,CUST00354,Riya Nair,3,2025-11-09,ACTIVE
355,CUST00355,Diya Iyer,4,2026-04-26,ACTIVE
356,CUST00356,Aarav Gupta,3,2026-02-20,ACTIVE
357,CUST00357,Nandini Rao,4,2025-05-16,ACTIVE
358,CUST00358,Ishita Gupta,1,2026-06-09,ACTIVE
359,CUST00359,Aarav Sharma,2,2025-11-23,ACTIVE
360,CUST00360,Rahul Chauhan,1,2026-05-20,ACTIVE
361,CUST00361,Ananya Singh,4,2026-06-16,ACTIVE
362,CUST00362,Sneha Singh,2,2026-04-21,ACTIVE
363,CUST00363,Arjun Mishra,2,2025-09-30,SUSPENDED
364,CUST00364,Rohan Naidu,4,2025-08-26,ACTIVE
365,CUST00365,Nikhil Iyer,3,2025-04-12,ACTIVE
366,CUST00366,Riya Naidu,1,2026-03-06,SUSPENDED
367,CUST00367,Aditi Bose,2,2025-05-18,ACTIVE
368,CUST00368,Kavya Nair,3,2025-12-19,ACTIVE
369,CUST00369,Varun Chauhan,2,2026-03-08,ACTIVE
370,CUST00370,Aarav Kumar,3,2025-03-17,ACTIVE
371,CUST00371,Aditya Patel,3,2026-04-03,ACTIVE
372,CUST00372,Priya Gupta,4,2026-08-09,ACTIVE
373,CUST00373,Rahul Rao,3,2025-08-29,ACTIVE
374,CUST00374,Vivaan Das,2,2025-08-21,INACTIVE
375,CUST00375,Meera Reddy,4,2025-02-26,ACTIVE
376,CUST00376,Nandini Joshi,4,2026-06-30,ACTIVE
377,CUST00377,Ananya Kulkarni,2,2026-03-31,ACTIVE
378,CUST00378,Arjun Menon,1,2026-02-18,ACTIVE
379,CUST00379,Aarav Bose,1,2025-05-28,ACTIVE
380,CUST00380,Rohan Nair,4,2025-04-17,ACTIVE
381,CUST00381,Vivaan Reddy,2,2025-02-17,INACTIVE
382,CUST00382,Varun Patel,1,2025-02-28,SUSPENDED
383,CUST00383,Aditi Kumar,2,2025-06-22,ACTIVE
384,CUST00384,Rohan Singh,4,2025-07-20,ACTIVE
385,CUST00385,Nandini Nair,1,2025-08-14,ACTIVE
386,CUST00386,Kavya Menon,1,2025-06-08,ACTIVE
387,CUST00387,Ishita Sharma,4,2026-05-28,ACTIVE
388,CUST00388,Meera Naidu,1,2025-04-08,ACTIVE
389,CUST00389,Nikhil Menon,3,2025-03-25,SUSPENDED
390,CUST00390,Varun Rao,4,2025-03-23,ACTIVE
391,CUST00391,Kavya Bose,3,2025-03-25,ACTIVE
392,CUST00392,Arjun Menon,2,2026-04-18,ACTIVE
393,CUST00393,Ishita Chauhan,4,2025-02-17,ACTIVE
394,CUST00394,Aditya Mishra,1,2026-08-11,ACTIVE
395,CUST00395,Aditya Naidu,3,2025-10-02,ACTIVE
396,CUST00396,Aarav Kumar,2,2025-01-22,ACTIVE
397,CUST00397,Aarav Mishra,3,2025-08-27,ACTIVE
398,CUST00398,Meera Reddy,3,2025-12-14,ACTIVE
399,CUST00399,Meera Bose,4,2025-01-23,ACTIVE
400,CUST00400,Rahul Iyer,1,2026-02-14,ACTIVE
401,CUST00401,Diya Nair,1,2025-05-23,ACTIVE
402,CUST00402,Nikhil Joshi,4,2026-05-07,ACTIVE
403,CUST00403,Aditya Kumar,2,2025-02-16,ACTIVE
404,CUST00404,Kavya Kumar,3,2025-04-01,ACTIVE
405,CUST00405,Vivaan Singh,4,2025-09-26,INACTIVE
406,CUST00406,Aditi Rao,3,2026-01-07,ACTIVE
407,CUST00407,Ishita Verma,4,2025-06-10,ACTIVE
408,CUST00408,Diya Iyer,4,2025-07-10,ACTIVE
409,CUST00409,Aarav Rao,2,2026-03-09,ACTIVE
410,CUST00410,Priya Naidu,1,2026-06-05,ACTIVE
411,CUST00411,Priya Kumar,4,2026-06-15,ACTIVE
412,CUST00412,Meera Kapoor,2,2026-07-12,ACTIVE
413,CUST00413,Kavya Gupta,1,2025-01-10,ACTIVE
414,CUST00414,Riya Reddy,1,2026-02-24,ACTIVE
415,CUST00415,Diya Kapoor,1,2025-02-11,ACTIVE
416,CUST00416,Vivaan Kumar,4,2025-05-03,ACTIVE
417,CUST00417,Aditya Kumar,4,2026-04-17,ACTIVE
418,CUST00418,Arjun Rao,1,2026-08-11,ACTIVE
419,CUST00419,Aditya Das,1,2026-06-11,ACTIVE
420,CUST00420,Ishita Mehta,2,2026-05-28,ACTIVE
421,CUST00421,Nandini Iyer,2,2025-10-06,ACTIVE
422,CUST00422,Rohan Singh,4,2026-01-01,ACTIVE
423,CUST00423,Sai Kulkarni,3,2025-07-04,ACTIVE
424,CUST00424,Vivaan Rao,4,2025-05-29,ACTIVE
425,CUST00425,Aarav Mehta,1,2025-08-01,ACTIVE
426,CUST00426,Arjun Iyer,4,2025-05-14,ACTIVE
427,CUST00427,Diya Iyer,2,2026-02-24,ACTIVE
428,CUST00428,Rohan Joshi,3,2025-05-19,ACTIVE
429,CUST00429,Vivaan Iyer,4,2025-07-05,ACTIVE
430,CUST00430,Priya Sharma,4,2026-04-08,ACTIVE
431,CUST00431,Ishita Reddy,1,2026-06-08,ACTIVE
432,CUST00432,Sneha Kulkarni,3,2025-04-08,ACTIVE
433,CUST00433,Arjun Sharma,1,2025-04-22,SUSPENDED
434,CUST00434,Riya Joshi,3,2025-02-13,ACTIVE
435,CUST00435,Ishita Nair,4,2026-03-15,ACTIVE
436,CUST00436,Priya Naidu,4,2026-03-13,ACTIVE
437,CUST00437,Ananya Kapoor,3,2026-03-08,ACTIVE
438,CUST00438,Sai Singh,4,2025-09-07,SUSPENDED
439,CUST00439,Aarav Mehta,4,2025-08-09,ACTIVE
440,CUST00440,Karthik Joshi,2,2025-11-08,ACTIVE
441,CUST00441,Kavya Patel,3,2025-10-13,ACTIVE
442,CUST00442,Nandini Naidu,2,2025-03-16,ACTIVE
443,CUST00443,Kavya Iyer,4,2025-01-14,ACTIVE
444,CUST00444,Rohan Iyer,3,2026-04-30,ACTIVE
445,CUST00445,Karthik Mishra,3,2025-10-19,ACTIVE
446,CUST00446,Riya Chauhan,2,2025-10-18,ACTIVE
447,CUST00447,Meera Verma,1,2025-05-11,ACTIVE
448,CUST00448,Kavya Rao,1,2025-05-08,ACTIVE
449,CUST00449,Vivaan Naidu,1,2025-11-07,CLOSED
450,CUST00450,Aditi Reddy,1,2025-02-23,ACTIVE
451,CUST00451,Kavya Menon,2,2025-07-23,INACTIVE
452,CUST00452,Aditya Kapoor,1,2026-04-18,INACTIVE
453,CUST00453,Rahul Kapoor,2,2026-05-29,ACTIVE
454,CUST00454,Rahul Reddy,3,2025-04-07,ACTIVE
455,CUST00455,Priya Chauhan,2,2025-02-19,ACTIVE
456,CUST00456,Sneha Reddy,1,2025-07-31,ACTIVE
457,CUST00457,Varun Verma,3,2026-03-04,ACTIVE
458,CUST00458,Meera Iyer,1,2026-03-10,ACTIVE
459,CUST00459,Priya Kapoor,2,2025-12-15,ACTIVE
460,CUST00460,Ananya Bose,4,2025-10-24,ACTIVE
461,CUST00461,Aarav Chauhan,2,2026-05-06,ACTIVE
462,CUST00462,Ananya Das,4,2026-07-05,ACTIVE
463,CUST00463,Arjun Naidu,4,2025-10-04,ACTIVE
464,CUST00464,Karthik Rao,3,2026-08-11,ACTIVE
465,CUST00465,Priya Kumar,1,2025-11-26,ACTIVE
466,CUST00466,Priya Gupta,1,2025-06-18,ACTIVE
467,CUST00467,Aarav Verma,4,2025-05-29,INACTIVE
468,CUST00468,Rahul Das,4,2025-01-29,ACTIVE
469,CUST00469,Sai Reddy,2,2026-04-11,ACTIVE
470,CUST00470,Aditya Bose,3,2026-07-08,ACTIVE
471,CUST00471,Aarav Kulkarni,4,2026-06-17,ACTIVE
472,CUST00472,Ishita Singh,3,2025-05-24,ACTIVE
473,CUST00473,Rohan Mehta,1,2025-05-07,ACTIVE
474,CUST00474,Aditi Naidu,3,2025-07-26,ACTIVE
475,CUST00475,Nandini Das,3,2025-12-26,ACTIVE
476,CUST00476,Rahul Nair,1,2026-03-05,ACTIVE
477,CUST00477,Karthik Kapoor,2,2026-06-08,INACTIVE
478,CUST00478,Arjun Das,2,2026-04-01,ACTIVE
479,CUST00479,Karthik Mishra,2,2026-04-14,ACTIVE
480,CUST00480,Nikhil Rao,1,2025-05-29,INACTIVE
481,CUST00481,Aditi Rao,2,2025-09-24,ACTIVE
482,CUST00482,Ananya Verma,2,2026-01-07,ACTIVE
483,CUST00483,Sai Sharma,3,2026-06-09,ACTIVE
484,CUST00484,Diya Gupta,2,2025-09-15,ACTIVE
485,CUST00485,Vivaan Mehta,2,2025-10-31,ACTIVE
486,CUST00486,Aditya Kapoor,2,2025-04-21,ACTIVE
487,CUST00487,Ishita Bose,2,2025-12-28,ACTIVE
488,CUST00488,Rahul Nair,1,2026-04-27,ACTIVE
489,CUST00489,Nikhil Kumar,2,2026-05-15,ACTIVE
490,CUST00490,Nandini Chauhan,2,2026-05-02,ACTIVE
491,CUST00491,Karthik Chauhan,4,2026-07-26,ACTIVE
492,CUST00492,Sai Nair,2,2025-06-13,ACTIVE
493,CUST00493,Varun Kapoor,3,2025-08-12,SUSPENDED
494,CUST00494,Rohan Kulkarni,3,2026-06-13,ACTIVE
495,CUST00495,Sneha Chauhan,3,2025-06-05,INACTIVE
496,CUST00496,Rahul Naidu,4,2025-02-01,ACTIVE
497,CUST00497,Nikhil Chauhan,3,2025-03-03,ACTIVE
498,CUST00498,Nandini Sharma,1,2025-03-21,ACTIVE
499,CUST00499,Diya Singh,4,2026-04-18,ACTIVE
500,CUST00500,Sneha Chauhan,2,2025-12-28,SUSPENDED
501,CUST00501,Ishita Iyer,4,2025-04-17,ACTIVE
502,CUST00502,Sai Das,1,2026-03-15,INACTIVE
503,CUST00503,Karthik Singh,1,2025-08-16,ACTIVE
504,CUST00504,Arjun Iyer,3,2025-10-08,ACTIVE
505,CUST00505,Karthik Kapoor,2,2025-07-19,ACTIVE
506,CUST00506,Nandini Iyer,3,2025-06-30,ACTIVE
507,CUST00507,Ishita Singh,1,2026-05-23,ACTIVE
508,CUST00508,Rohan Iyer,3,2025-12-28,ACTIVE
509,CUST00509,Kavya Gupta,1,2026-05-30,ACTIVE
510,CUST00510,Ishita Nair,2,2026-08-10,ACTIVE
511,CUST00511,Rahul Kapoor,1,2025-07-07,ACTIVE
512,CUST00512,Varun Singh,3,2025-12-05,CLOSED
513,CUST00513,Arjun Kulkarni,2,2025-08-02,ACTIVE
514,CUST00514,Diya Bose,2,2026-03-23,ACTIVE
515,CUST00515,Vivaan Kumar,3,2025-06-04,CLOSED
516,CUST00516,Ishita Menon,4,2025-10-19,ACTIVE
517,CUST00517,Aditi Kumar,1,2025-06-24,ACTIVE
518,CUST00518,Aditya Das,1,2025-10-29,ACTIVE
519,CUST00519,Riya Sharma,2,2026-07-05,ACTIVE
520,CUST00520,Aditya Bose,2,2026-05-31,ACTIVE
521,CUST00521,Vivaan Sharma,1,2025-10-25,ACTIVE
522,CUST00522,Meera Bose,1,2025-09-10,ACTIVE
523,CUST00523,Aditya Rao,2,2025-07-02,ACTIVE
524,CUST00524,Sai Iyer,3,2025-10-23,ACTIVE
525,CUST00525,Priya Mishra,2,2025-03-28,ACTIVE
526,CUST00526,Nandini Patel,3,2025-07-21,SUSPENDED
527,CUST00527,Varun Iyer,2,2026-02-15,SUSPENDED
528,CUST00528,Varun Joshi,4,2025-05-27,ACTIVE
529,CUST00529,Riya Naidu,2,2026-06-05,CLOSED
530,CUST00530,Ishita Menon,1,2025-07-10,ACTIVE
531,CUST00531,Priya Bose,3,2026-04-02,ACTIVE
532,CUST00532,Kavya Joshi,4,2025-11-06,ACTIVE
533,CUST00533,Priya Mishra,2,2025-07-18,ACTIVE
534,CUST00534,Aarav Sharma,1,2025-10-24,ACTIVE
535,CUST00535,Aditi Verma,3,2025-03-16,ACTIVE
536,CUST00536,Karthik Reddy,4,2026-04-13,ACTIVE
537,CUST00537,Aditya Singh,4,2025-09-24,ACTIVE
538,CUST00538,Aditya Joshi,3,2026-07-26,ACTIVE
539,CUST00539,Sneha Sharma,2,2025-10-07,ACTIVE
540,CUST00540,Varun Bose,2,2025-12-20,ACTIVE
541,CUST00541,Riya Das,4,2025-04-25,ACTIVE
542,CUST00542,Diya Menon,1,2025-05-26,ACTIVE
543,CUST00543,Varun Bose,2,2025-03-28,INACTIVE
544,CUST00544,Diya Verma,1,2026-07-15,ACTIVE
545,CUST00545,Sai Kulkarni,4,2025-03-08,ACTIVE
546,CUST00546,Nandini Nair,2,2025-12-11,ACTIVE
547,CUST00547,Vivaan Nair,1,2025-01-19,INACTIVE
548,CUST00548,Rohan Reddy,3,2025-12-22,ACTIVE
549,CUST00549,Ishita Bose,4,2025-10-23,ACTIVE
550,CUST00550,Rahul Nair,2,2026-04-11,ACTIVE
551,CUST00551,Rahul Das,2,2026-04-11,ACTIVE
552,CUST00552,Kavya Mehta,4,2025-12-09,ACTIVE
553,CUST00553,Aditya Das,1,2026-04-28,ACTIVE
554,CUST00554,Sai Mehta,2,2025-06-20,INACTIVE
555,CUST00555,Diya Kumar,3,2026-01-09,ACTIVE
556,CUST00556,Riya Rao,1,2025-11-08,ACTIVE
557,CUST00557,Meera Kapoor,1,2026-05-08,ACTIVE
558,CUST00558,Ishita Mehta,4,2025-02-11,ACTIVE
559,CUST00559,Aarav Menon,3,2025-07-27,ACTIVE
560,CUST00560,Sai Chauhan,3,2026-05-09,ACTIVE
561,CUST00561,Aarav Iyer,4,2025-05-21,ACTIVE
562,CUST00562,Aditya Das,3,2026-04-08,ACTIVE
563,CUST00563,Priya Menon,1,2025-11-12,ACTIVE
564,CUST00564,Riya Reddy,2,2025-08-29,ACTIVE
565,CUST00565,Vivaan Reddy,3,2025-04-12,ACTIVE
566,CUST00566,Ananya Reddy,2,2025-02-11,ACTIVE
567,CUST00567,Karthik Singh,4,2025-02-04,INACTIVE
568,CUST00568,Ishita Gupta,1,2025-02-18,ACTIVE
569,CUST00569,Karthik Mehta,4,2026-01-31,SUSPENDED
570,CUST00570,Meera Kumar,4,2025-04-19,INACTIVE
571,CUST00571,Diya Mishra,2,2025-01-30,INACTIVE
572,CUST00572,Nikhil Naidu,2,2026-05-18,ACTIVE
573,CUST00573,Karthik Chauhan,2,2025-10-22,ACTIVE
574,CUST00574,Ananya Joshi,4,2026-07-04,ACTIVE
575,CUST00575,Arjun Singh,2,2025-02-02,ACTIVE
576,CUST00576,Aditi Kulkarni,3,2025-01-23,ACTIVE
577,CUST00577,Priya Kapoor,4,2025-06-06,ACTIVE
578,CUST00578,Kavya Bose,1,2025-09-25,ACTIVE
579,CUST00579,Ananya Sharma,3,2026-05-19,ACTIVE
580,CUST00580,Rohan Kulkarni,1,2025-05-26,ACTIVE
581,CUST00581,Aarav Mishra,2,2026-05-13,ACTIVE
582,CUST00582,Aarav Bose,2,2025-06-24,ACTIVE
583,CUST00583,Sai Sharma,2,2026-06-15,ACTIVE
584,CUST00584,Riya Gupta,2,2026-02-25,ACTIVE
585,CUST00585,Meera Patel,4,2025-01-29,ACTIVE
586,CUST00586,Karthik Das,1,2026-04-17,ACTIVE
587,CUST00587,Diya Das,2,2026-03-08,ACTIVE
588,CUST00588,Ananya Chauhan,1,2025-12-23,ACTIVE
589,CUST00589,Rohan Kapoor,4,2026-07-19,ACTIVE
590,CUST00590,Nikhil Sharma,4,2026-05-09,ACTIVE
591,CUST00591,Rohan Iyer,4,2026-07-24,INACTIVE
592,CUST00592,Ishita Verma,4,2025-04-07,ACTIVE
593,CUST00593,Ishita Rao,2,2025-05-19,ACTIVE
594,CUST00594,Sneha Kulkarni,4,2025-05-09,ACTIVE
595,CUST00595,Diya Kumar,1,2025-12-28,ACTIVE
596,CUST00596,Aarav Verma,1,2025-11-26,CLOSED
597,CUST00597,Rohan Sharma,1,2025-11-02,ACTIVE
598,CUST00598,Nikhil Menon,2,2026-01-01,ACTIVE
599,CUST00599,Sneha Menon,2,2025-05-05,SUSPENDED
600,CUST00600,Varun Kapoor,2,2025-12-16,ACTIVE
601,CUST00601,Varun Iyer,2,2026-04-30,ACTIVE
602,CUST00602,Aditi Nair,3,2026-08-04,INACTIVE
603,CUST00603,Sneha Kulkarni,2,2025-04-17,ACTIVE
604,CUST00604,Ishita Patel,4,2026-03-05,ACTIVE
605,CUST00605,Nikhil Patel,3,2025-05-27,ACTIVE
606,CUST00606,Priya Iyer,1,2025-05-10,ACTIVE
607,CUST00607,Diya Chauhan,2,2026-06-29,ACTIVE
608,CUST00608,Vivaan Mishra,4,2025-11-28,ACTIVE
609,CUST00609,Arjun Reddy,3,2026-01-19,ACTIVE
610,CUST00610,Aditya Singh,4,2026-05-11,ACTIVE
611,CUST00611,Diya Gupta,3,2025-04-19,CLOSED
612,CUST00612,Nikhil Joshi,3,2025-02-20,ACTIVE
613,CUST00613,Meera Das,2,2026-05-18,INACTIVE
614,CUST00614,Sneha Kumar,1,2026-04-22,ACTIVE
615,CUST00615,Aditi Bose,1,2025-01-10,ACTIVE
616,CUST00616,Aditi Mehta,3,2025-03-03,ACTIVE
617,CUST00617,Aditi Joshi,3,2025-03-01,INACTIVE
618,CUST00618,Varun Kumar,1,2026-07-27,ACTIVE
619,CUST00619,Priya Mishra,1,2026-03-08,ACTIVE
620,CUST00620,Aditi Verma,2,2025-09-22,ACTIVE
621,CUST00621,Meera Sharma,2,2026-05-21,INACTIVE
622,CUST00622,Vivaan Das,4,2025-05-26,ACTIVE
623,CUST00623,Ishita Gupta,2,2025-03-04,ACTIVE
624,CUST00624,Diya Bose,3,2025-05-21,SUSPENDED
625,CUST00625,Ishita Naidu,2,2026-05-23,ACTIVE
626,CUST00626,Nikhil Kulkarni,4,2025-02-07,INACTIVE
627,CUST00627,Sai Kulkarni,3,2026-04-28,ACTIVE
628,CUST00628,Rahul Bose,1,2025-02-02,ACTIVE
629,CUST00629,Karthik Mishra,4,2025-05-06,ACTIVE
630,CUST00630,Vivaan Kapoor,1,2025-08-21,ACTIVE
631,CUST00631,Sneha Rao,1,2026-05-24,CLOSED
632,CUST00632,Nikhil Mehta,3,2026-01-10,ACTIVE
633,CUST00633,Aditi Chauhan,3,2026-03-02,ACTIVE
634,CUST00634,Aditi Gupta,4,2026-07-01,ACTIVE
635,CUST00635,Karthik Rao,4,2026-03-25,ACTIVE
636,CUST00636,Ishita Menon,3,2026-06-02,INACTIVE
637,CUST00637,Aditya Kulkarni,2,2026-03-09,ACTIVE
638,CUST00638,Nandini Joshi,2,2026-05-26,ACTIVE
639,CUST00639,Aarav Gupta,4,2025-05-16,ACTIVE
640,CUST00640,Priya Rao,2,2025-04-21,ACTIVE
641,CUST00641,Aarav Kapoor,3,2025-12-25,ACTIVE
642,CUST00642,Nikhil Menon,2,2026-06-09,CLOSED
643,CUST00643,Sneha Gupta,2,2026-07-12,ACTIVE
644,CUST00644,Ananya Das,2,2026-01-10,ACTIVE
645,CUST00645,Ishita Das,4,2025-06-29,ACTIVE
646,CUST00646,Arjun Verma,4,2025-01-27,ACTIVE
647,CUST00647,Ishita Patel,3,2025-03-29,ACTIVE
648,CUST00648,Vivaan Verma,1,2026-03-05,ACTIVE
649,CUST00649,Rohan Singh,1,2026-05-12,ACTIVE
650,CUST00650,Aditi Kumar,1,2026-07-10,ACTIVE
651,CUST00651,Vivaan Kulkarni,1,2026-08-07,ACTIVE
652,CUST00652,Aarav Chauhan,3,2025-01-18,ACTIVE
653,CUST00653,Ananya Kapoor,4,2025-03-22,INACTIVE
654,CUST00654,Sai Verma,4,2025-08-05,ACTIVE
655,CUST00655,Aarav Chauhan,3,2025-03-25,CLOSED
656,CUST00656,Nandini Nair,2,2025-09-28,ACTIVE
657,CUST00657,Meera Menon,2,2025-03-29,SUSPENDED
658,CUST00658,Ananya Nair,1,2025-10-19,ACTIVE
659,CUST00659,Varun Singh,4,2025-04-17,SUSPENDED
660,CUST00660,Sai Patel,1,2026-04-04,ACTIVE
661,CUST00661,Arjun Singh,4,2025-06-28,ACTIVE
662,CUST00662,Nandini Menon,1,2025-10-17,ACTIVE
663,CUST00663,Riya Iyer,2,2025-04-14,INACTIVE
664,CUST00664,Arjun Nair,3,2025-03-11,INACTIVE
665,CUST00665,Aditi Reddy,3,2025-05-13,ACTIVE
666,CUST00666,Karthik Kulkarni,1,2026-03-13,ACTIVE
667,CUST00667,Riya Mehta,2,2025-02-09,ACTIVE
668,CUST00668,Nikhil Mehta,4,2025-01-17,ACTIVE
669,CUST00669,Rahul Patel,4,2025-08-13,INACTIVE
670,CUST00670,Ishita Verma,2,2026-01-08,ACTIVE
671,CUST00671,Priya Kulkarni,4,2026-02-24,ACTIVE
672,CUST00672,Diya Singh,3,2026-02-12,ACTIVE
673,CUST00673,Ananya Iyer,4,2025-12-28,ACTIVE
674,CUST00674,Kavya Gupta,1,2026-01-30,ACTIVE
675,CUST00675,Riya Das,2,2026-04-08,ACTIVE
676,CUST00676,Arjun Iyer,1,2025-10-23,ACTIVE
677,CUST00677,Aditi Iyer,4,2025-12-05,CLOSED
678,CUST00678,Diya Naidu,2,2025-06-04,SUSPENDED
679,CUST00679,Vivaan Singh,4,2025-04-29,ACTIVE
680,CUST00680,Aarav Singh,1,2026-03-09,ACTIVE
681,CUST00681,Meera Rao,4,2025-06-17,SUSPENDED
682,CUST00682,Aditya Bose,3,2025-05-14,ACTIVE
683,CUST00683,Diya Gupta,2,2026-02-18,ACTIVE
684,CUST00684,Arjun Patel,1,2026-07-04,ACTIVE
685,CUST00685,Rahul Patel,4,2025-10-29,INACTIVE
686,CUST00686,Arjun Reddy,4,2026-05-04,ACTIVE
687,CUST00687,Rohan Kapoor,4,2026-05-30,ACTIVE
688,CUST00688,Aditi Kapoor,1,2025-02-28,ACTIVE
689,CUST00689,Rohan Gupta,1,2025-12-03,ACTIVE
690,CUST00690,Rahul Naidu,3,2025-03-06,ACTIVE
691,CUST00691,Nikhil Singh,2,2025-05-21,INACTIVE
692,CUST00692,Meera Patel,2,2026-07-02,ACTIVE
693,CUST00693,Sneha Joshi,1,2026-05-23,ACTIVE
694,CUST00694,Meera Nair,4,2026-06-19,ACTIVE
695,CUST00695,Nikhil Chauhan,3,2026-07-28,ACTIVE
696,CUST00696,Karthik Gupta,1,2026-02-21,ACTIVE
697,CUST00697,Meera Mehta,1,2025-07-09,ACTIVE
698,CUST00698,Riya Kulkarni,3,2025-08-10,ACTIVE
699,CUST00699,Riya Rao,4,2026-04-21,ACTIVE
700,CUST00700,Vivaan Rao,1,2026-01-18,ACTIVE
701,CUST00701,Rahul Rao,1,2025-06-08,ACTIVE
702,CUST00702,Diya Mehta,1,2026-02-18,SUSPENDED
703,CUST00703,Kavya Menon,1,2025-09-07,ACTIVE
704,CUST00704,Nikhil Menon,2,2025-03-22,CLOSED
705,CUST00705,Aditi Naidu,3,2025-12-05,ACTIVE
706,CUST00706,Vivaan Patel,4,2025-05-14,ACTIVE
707,CUST00707,Aditya Das,2,2026-04-21,CLOSED
708,CUST00708,Priya Mishra,3,2025-03-15,ACTIVE
709,CUST00709,Nikhil Nair,3,2025-11-25,ACTIVE
710,CUST00710,Vivaan Sharma,4,2025-08-25,ACTIVE
711,CUST00711,Aarav Naidu,4,2026-07-13,ACTIVE
712,CUST00712,Karthik Verma,4,2025-06-29,ACTIVE
713,CUST00713,Aditya Bose,2,2025-01-14,ACTIVE
714,CUST00714,Diya Menon,1,2025-08-08,ACTIVE
715,CUST00715,Rahul Kumar,4,2025-09-15,ACTIVE
716,CUST00716,Arjun Iyer,3,2026-05-11,ACTIVE
717,CUST00717,Nandini Menon,2,2025-02-16,ACTIVE
718,CUST00718,Rahul Das,2,2025-09-20,ACTIVE
719,CUST00719,Varun Kulkarni,2,2025-02-01,ACTIVE
720,CUST00720,Riya Joshi,3,2025-01-12,ACTIVE
721,CUST00721,Aditi Kapoor,2,2025-09-05,ACTIVE
722,CUST00722,Arjun Kapoor,3,2025-05-20,ACTIVE
723,CUST00723,Aarav Singh,3,2025-05-10,ACTIVE
724,CUST00724,Diya Singh,4,2025-09-02,ACTIVE
725,CUST00725,Aditi Naidu,1,2026-07-20,ACTIVE
726,CUST00726,Priya Kumar,4,2025-07-08,ACTIVE
727,CUST00727,Diya Mishra,1,2026-05-30,ACTIVE
728,CUST00728,Nandini Kulkarni,2,2025-03-01,ACTIVE
729,CUST00729,Meera Gupta,4,2025-03-15,ACTIVE
730,CUST00730,Priya Reddy,1,2026-07-27,ACTIVE
731,CUST00731,Diya Gupta,3,2025-09-09,ACTIVE
732,CUST00732,Vivaan Sharma,2,2025-04-02,ACTIVE
733,CUST00733,Rahul Kumar,2,2026-03-10,ACTIVE
734,CUST00734,Rahul Rao,1,2026-06-01,CLOSED
735,CUST00735,Meera Kumar,1,2025-01-09,CLOSED
736,CUST00736,Aditya Chauhan,2,2025-01-20,ACTIVE
737,CUST00737,Riya Bose,4,2025-04-20,ACTIVE
738,CUST00738,Vivaan Reddy,4,2026-04-13,ACTIVE
739,CUST00739,Ananya Mishra,4,2025-01-22,INACTIVE
740,CUST00740,Arjun Mehta,4,2025-09-18,ACTIVE
741,CUST00741,Aditya Nair,4,2025-10-28,ACTIVE
742,CUST00742,Meera Gupta,2,2026-06-28,ACTIVE
743,CUST00743,Aditi Mishra,4,2026-03-27,ACTIVE
744,CUST00744,Ishita Gupta,2,2025-08-24,ACTIVE
745,CUST00745,Rahul Sharma,2,2026-01-15,ACTIVE
746,CUST00746,Diya Kapoor,1,2026-03-23,ACTIVE
747,CUST00747,Ishita Joshi,2,2026-02-27,ACTIVE
748,CUST00748,Priya Kapoor,4,2026-07-19,ACTIVE
749,CUST00749,Riya Gupta,4,2025-02-06,ACTIVE
750,CUST00750,Rahul Kulkarni,4,2026-08-12,ACTIVE
751,CUST00751,Nandini Mehta,2,2025-04-05,ACTIVE
752,CUST00752,Priya Singh,2,2026-05-20,ACTIVE
753,CUST00753,Rohan Patel,2,2025-06-01,ACTIVE
754,CUST00754,Ananya Joshi,4,2025-03-22,ACTIVE
755,CUST00755,Arjun Verma,1,2025-01-13,ACTIVE
756,CUST00756,Aditi Singh,2,2025-01-09,ACTIVE
757,CUST00757,Sai Chauhan,3,2025-09-20,ACTIVE
758,CUST00758,Sneha Naidu,4,2026-01-24,ACTIVE
759,CUST00759,Ishita Nair,2,2026-07-14,ACTIVE
760,CUST00760,Kavya Verma,1,2025-08-31,ACTIVE
761,CUST00761,Aditi Kulkarni,1,2025-06-25,INACTIVE
762,CUST00762,Priya Verma,3,2025-06-05,ACTIVE
763,CUST00763,Rahul Das,4,2025-05-01,CLOSED
764,CUST00764,Ishita Naidu,2,2025-06-16,INACTIVE
765,CUST00765,Vivaan Menon,4,2025-09-30,ACTIVE
766,CUST00766,Sneha Mehta,3,2025-12-20,ACTIVE
767,CUST00767,Ishita Nair,3,2026-05-09,ACTIVE
768,CUST00768,Arjun Das,4,2025-02-21,ACTIVE
769,CUST00769,Sai Singh,2,2025-02-08,ACTIVE
770,CUST00770,Varun Reddy,4,2026-05-22,ACTIVE
771,CUST00771,Kavya Patel,2,2025-12-19,ACTIVE
772,CUST00772,Meera Kumar,1,2026-02-21,ACTIVE
773,CUST00773,Rahul Kumar,3,2025-04-11,ACTIVE
774,CUST00774,Aditi Menon,4,2026-05-28,ACTIVE
775,CUST00775,Nikhil Nair,3,2026-08-11,ACTIVE
776,CUST00776,Priya Kulkarni,4,2026-03-26,ACTIVE
777,CUST00777,Rohan Bose,1,2025-11-17,INACTIVE
778,CUST00778,Riya Mishra,2,2026-08-14,ACTIVE
779,CUST00779,Meera Nair,2,2026-06-01,ACTIVE
780,CUST00780,Ishita Menon,1,2025-02-18,ACTIVE
781,CUST00781,Aditi Rao,2,2025-01-06,ACTIVE
782,CUST00782,Kavya Reddy,4,2025-04-18,ACTIVE
783,CUST00783,Ananya Kulkarni,4,2025-12-09,ACTIVE
784,CUST00784,Aditi Verma,2,2026-06-03,ACTIVE
785,CUST00785,Nandini Kulkarni,1,2026-03-26,CLOSED
786,CUST00786,Nandini Reddy,3,2026-04-07,ACTIVE
787,CUST00787,Aditya Reddy,3,2025-02-05,ACTIVE
788,CUST00788,Aditya Joshi,1,2025-10-08,ACTIVE
789,CUST00789,Sai Reddy,3,2026-05-05,ACTIVE
790,CUST00790,Priya Menon,2,2026-08-15,ACTIVE
791,CUST00791,Aarav Gupta,2,2025-03-28,ACTIVE
792,CUST00792,Aditi Joshi,2,2025-02-27,ACTIVE
793,CUST00793,Rahul Chauhan,2,2025-07-18,ACTIVE
794,CUST00794,Meera Das,4,2026-07-03,ACTIVE
795,CUST00795,Sai Rao,2,2025-11-05,ACTIVE
796,CUST00796,Arjun Rao,1,2025-07-15,ACTIVE
797,CUST00797,Rohan Rao,2,2025-06-29,INACTIVE
798,CUST00798,Diya Gupta,1,2025-12-23,SUSPENDED
799,CUST00799,Diya Bose,4,2026-01-01,ACTIVE
800,CUST00800,Rohan Mehta,3,2025-07-06,ACTIVE
801,CUST00801,Kavya Mehta,1,2025-05-29,ACTIVE
802,CUST00802,Aditi Mehta,4,2025-02-20,ACTIVE
803,CUST00803,Priya Kapoor,3,2025-02-24,ACTIVE
804,CUST00804,Kavya Chauhan,4,2026-05-31,ACTIVE
805,CUST00805,Sai Iyer,1,2025-01-21,INACTIVE
806,CUST00806,Rahul Iyer,1,2025-04-26,ACTIVE
807,CUST00807,Riya Singh,4,2025-12-31,ACTIVE
808,CUST00808,Kavya Iyer,3,2025-09-24,ACTIVE
809,CUST00809,Ananya Mehta,3,2025-12-30,ACTIVE
810,CUST00810,Meera Singh,2,2025-10-20,ACTIVE
811,CUST00811,Nandini Nair,2,2025-04-22,ACTIVE
812,CUST00812,Arjun Nair,3,2026-01-23,INACTIVE
813,CUST00813,Aditi Joshi,2,2026-08-09,ACTIVE
814,CUST00814,Sai Kapoor,1,2025-05-10,INACTIVE
815,CUST00815,Priya Naidu,1,2025-11-01,ACTIVE
816,CUST00816,Rohan Sharma,3,2025-02-04,ACTIVE
817,CUST00817,Rohan Bose,3,2025-05-07,ACTIVE
818,CUST00818,Vivaan Menon,1,2025-10-27,ACTIVE
819,CUST00819,Nandini Reddy,4,2025-02-06,INACTIVE
820,CUST00820,Arjun Chauhan,3,2025-05-26,SUSPENDED
821,CUST00821,Sai Singh,2,2026-07-18,ACTIVE
822,CUST00822,Nikhil Mehta,2,2025-05-03,INACTIVE
823,CUST00823,Ishita Kumar,4,2026-05-14,ACTIVE
824,CUST00824,Priya Sharma,4,2025-08-03,ACTIVE
825,CUST00825,Rohan Kulkarni,1,2025-10-23,ACTIVE
826,CUST00826,Karthik Menon,1,2025-07-06,ACTIVE
827,CUST00827,Rohan Patel,1,2026-02-17,ACTIVE
828,CUST00828,Aditya Gupta,1,2026-06-21,ACTIVE
829,CUST00829,Karthik Nair,3,2026-05-03,ACTIVE
830,CUST00830,Rohan Bose,2,2026-04-28,ACTIVE
831,CUST00831,Ananya Nair,4,2025-11-23,ACTIVE
832,CUST00832,Diya Kulkarni,3,2026-03-06,ACTIVE
833,CUST00833,Priya Iyer,1,2026-07-23,ACTIVE
834,CUST00834,Rahul Das,3,2025-01-18,ACTIVE
835,CUST00835,Aditya Naidu,3,2025-01-23,ACTIVE
836,CUST00836,Sneha Kapoor,3,2025-07-11,ACTIVE
837,CUST00837,Aditya Chauhan,3,2025-05-15,ACTIVE
838,CUST00838,Nandini Sharma,1,2025-11-17,ACTIVE
839,CUST00839,Karthik Joshi,3,2026-05-26,ACTIVE
840,CUST00840,Rohan Menon,3,2026-04-09,INACTIVE
841,CUST00841,Nikhil Das,1,2025-08-25,ACTIVE
842,CUST00842,Varun Naidu,3,2025-09-26,ACTIVE
843,CUST00843,Aditi Joshi,4,2025-10-27,ACTIVE
844,CUST00844,Karthik Chauhan,1,2025-05-05,CLOSED
845,CUST00845,Sneha Patel,1,2025-01-17,ACTIVE
846,CUST00846,Karthik Kumar,3,2025-05-23,ACTIVE
847,CUST00847,Rahul Reddy,3,2025-12-03,ACTIVE
848,CUST00848,Ananya Iyer,4,2025-07-16,ACTIVE
849,CUST00849,Nikhil Kumar,2,2026-03-11,ACTIVE
850,CUST00850,Diya Rao,3,2025-05-14,ACTIVE
851,CUST00851,Sneha Nair,3,2025-10-27,ACTIVE
852,CUST00852,Priya Nair,4,2025-05-13,ACTIVE
853,CUST00853,Vivaan Singh,2,2026-04-26,INACTIVE
854,CUST00854,Meera Menon,1,2026-06-07,ACTIVE
855,CUST00855,Sai Kulkarni,2,2026-03-06,ACTIVE
856,CUST00856,Sneha Singh,2,2026-05-11,ACTIVE
857,CUST00857,Kavya Patel,4,2025-03-17,ACTIVE
858,CUST00858,Riya Mehta,1,2026-04-24,ACTIVE
859,CUST00859,Nandini Kapoor,2,2025-05-07,ACTIVE
860,CUST00860,Aditi Kulkarni,2,2026-02-14,ACTIVE
861,CUST00861,Sneha Mishra,3,2026-03-01,ACTIVE
862,CUST00862,Aditya Nair,4,2026-06-24,ACTIVE
863,CUST00863,Nandini Bose,3,2025-05-02,ACTIVE
864,CUST00864,Rahul Kulkarni,3,2025-07-06,INACTIVE
865,CUST00865,Riya Kapoor,2,2025-03-16,ACTIVE
866,CUST00866,Aarav Gupta,4,2025-07-01,INACTIVE
867,CUST00867,Rahul Bose,3,2025-08-31,ACTIVE
868,CUST00868,Rohan Bose,3,2026-03-09,ACTIVE
869,CUST00869,Rahul Reddy,2,2025-01-04,ACTIVE
870,CUST00870,Aditya Bose,3,2026-01-03,ACTIVE
871,CUST00871,Sneha Iyer,1,2026-08-10,ACTIVE
872,CUST00872,Nikhil Kulkarni,4,2025-10-28,ACTIVE
873,CUST00873,Arjun Patel,4,2025-06-09,ACTIVE
874,CUST00874,Aditya Verma,1,2025-06-02,ACTIVE
875,CUST00875,Aditi Singh,2,2025-03-20,ACTIVE
876,CUST00876,Nikhil Kulkarni,3,2026-06-16,INACTIVE
877,CUST00877,Ananya Verma,4,2026-06-06,ACTIVE
878,CUST00878,Nikhil Das,3,2025-04-07,ACTIVE
879,CUST00879,Arjun Kapoor,4,2025-03-27,ACTIVE
880,CUST00880,Sai Singh,3,2025-06-25,ACTIVE
881,CUST00881,Arjun Gupta,1,2025-09-06,INACTIVE
882,CUST00882,Rahul Menon,4,2025-12-20,ACTIVE
883,CUST00883,Nikhil Kapoor,3,2025-02-07,INACTIVE
884,CUST00884,Ishita Iyer,1,2026-05-17,ACTIVE
885,CUST00885,Kavya Kumar,1,2025-01-20,INACTIVE
886,CUST00886,Ishita Patel,1,2026-06-21,ACTIVE
887,CUST00887,Sai Rao,2,2026-01-16,ACTIVE
888,CUST00888,Rahul Nair,1,2025-10-10,ACTIVE
889,CUST00889,Aditya Mishra,1,2025-05-14,ACTIVE
890,CUST00890,Aditi Mishra,2,2026-07-09,ACTIVE
891,CUST00891,Riya Rao,1,2025-01-23,ACTIVE
892,CUST00892,Sai Chauhan,3,2025-06-22,ACTIVE
893,CUST00893,Nandini Joshi,1,2026-04-07,ACTIVE
894,CUST00894,Aditya Reddy,2,2026-05-25,SUSPENDED
895,CUST00895,Ishita Mehta,3,2026-08-11,ACTIVE
896,CUST00896,Rahul Sharma,1,2026-04-14,ACTIVE
897,CUST00897,Aditya Gupta,1,2025-03-27,ACTIVE
898,CUST00898,Meera Gupta,3,2026-01-02,ACTIVE
899,CUST00899,Vivaan Kulkarni,3,2025-10-09,ACTIVE
900,CUST00900,Aarav Gupta,3,2026-06-11,ACTIVE
901,CUST00901,Nikhil Patel,3,2025-02-03,ACTIVE
902,CUST00902,Meera Patel,4,2025-02-10,ACTIVE
903,CUST00903,Aditya Naidu,2,2026-04-02,ACTIVE
904,CUST00904,Arjun Joshi,2,2025-06-14,ACTIVE
905,CUST00905,Aditya Chauhan,4,2026-05-07,ACTIVE
906,CUST00906,Sneha Joshi,4,2025-10-09,INACTIVE
907,CUST00907,Priya Kapoor,4,2025-12-20,ACTIVE
908,CUST00908,Varun Bose,2,2025-03-29,SUSPENDED
909,CUST00909,Priya Menon,2,2025-08-03,ACTIVE
910,CUST00910,Ananya Kapoor,1,2026-03-11,ACTIVE
911,CUST00911,Sai Sharma,1,2025-10-23,ACTIVE
912,CUST00912,Riya Bose,2,2025-11-13,ACTIVE
913,CUST00913,Aditya Kumar,2,2025-01-09,ACTIVE
914,CUST00914,Varun Nair,1,2026-01-26,ACTIVE
915,CUST00915,Diya Verma,1,2025-02-08,ACTIVE
916,CUST00916,Kavya Iyer,2,2025-12-27,ACTIVE
917,CUST00917,Ishita Sharma,4,2025-02-15,ACTIVE
918,CUST00918,Riya Naidu,1,2026-02-09,ACTIVE
919,CUST00919,Aditi Das,2,2025-03-25,ACTIVE
920,CUST00920,Diya Verma,4,2025-11-06,ACTIVE
921,CUST00921,Aditi Sharma,1,2025-10-23,SUSPENDED
922,CUST00922,Sai Kapoor,2,2025-10-04,ACTIVE
923,CUST00923,Rahul Mehta,1,2026-03-23,ACTIVE
924,CUST00924,Arjun Naidu,2,2026-01-17,ACTIVE
925,CUST00925,Priya Bose,4,2026-01-08,ACTIVE
926,CUST00926,Meera Naidu,4,2026-01-12,ACTIVE
927,CUST00927,Ishita Mehta,2,2025-12-08,ACTIVE
928,CUST00928,Arjun Bose,3,2025-09-02,INACTIVE
929,CUST00929,Varun Verma,4,2026-08-14,ACTIVE
930,CUST00930,Meera Reddy,1,2026-02-11,ACTIVE
931,CUST00931,Rahul Chauhan,1,2026-03-29,ACTIVE
932,CUST00932,Varun Iyer,3,2025-10-30,ACTIVE
933,CUST00933,Aarav Nair,2,2025-10-08,ACTIVE
934,CUST00934,Diya Patel,4,2025-02-26,ACTIVE
935,CUST00935,Aarav Rao,2,2025-06-01,ACTIVE
936,CUST00936,Karthik Gupta,3,2025-10-07,SUSPENDED
937,CUST00937,Meera Singh,3,2025-01-24,ACTIVE
938,CUST00938,Aditya Gupta,1,2026-08-03,ACTIVE
939,CUST00939,Ananya Sharma,1,2025-10-18,ACTIVE
940,CUST00940,Riya Verma,1,2025-02-22,ACTIVE
941,CUST00941,Varun Menon,4,2026-03-23,CLOSED
942,CUST00942,Meera Verma,1,2025-03-23,ACTIVE
943,CUST00943,Ishita Bose,4,2026-06-12,INACTIVE
944,CUST00944,Priya Nair,2,2025-07-18,ACTIVE
945,CUST00945,Vivaan Sharma,2,2026-06-08,CLOSED
946,CUST00946,Riya Kulkarni,2,2025-06-27,ACTIVE
947,CUST00947,Arjun Naidu,4,2026-04-16,ACTIVE
948,CUST00948,Rohan Mishra,3,2026-04-18,ACTIVE
949,CUST00949,Arjun Singh,1,2026-03-27,ACTIVE
950,CUST00950,Nandini Joshi,2,2025-01-24,ACTIVE
951,CUST00951,Priya Sharma,3,2025-11-10,ACTIVE
952,CUST00952,Rahul Patel,2,2026-01-03,ACTIVE
953,CUST00953,Rahul Menon,1,2025-10-22,ACTIVE
954,CUST00954,Priya Menon,2,2025-04-27,INACTIVE
955,CUST00955,Meera Menon,4,2025-04-23,ACTIVE
956,CUST00956,Ananya Iyer,4,2026-03-25,ACTIVE
957,CUST00957,Arjun Sharma,2,2026-03-29,ACTIVE
958,CUST00958,Kavya Singh,1,2026-03-24,ACTIVE
959,CUST00959,Sneha Bose,1,2025-06-04,ACTIVE
960,CUST00960,Meera Sharma,4,2025-06-17,ACTIVE
961,CUST00961,Rohan Mishra,3,2026-04-05,ACTIVE
962,CUST00962,Varun Iyer,4,2025-04-16,ACTIVE
963,CUST00963,Nikhil Reddy,1,2025-08-20,ACTIVE
964,CUST00964,Aditya Iyer,2,2026-03-21,ACTIVE
965,CUST00965,Sai Mishra,1,2025-03-06,ACTIVE
966,CUST00966,Sneha Chauhan,2,2025-03-30,INACTIVE
967,CUST00967,Priya Naidu,2,2026-04-26,ACTIVE
968,CUST00968,Nikhil Kulkarni,2,2026-01-29,ACTIVE
969,CUST00969,Rahul Joshi,1,2025-11-16,ACTIVE
970,CUST00970,Aditya Kumar,1,2025-09-15,ACTIVE
971,CUST00971,Nikhil Menon,4,2026-05-04,SUSPENDED
972,CUST00972,Nandini Kumar,4,2025-07-28,ACTIVE
973,CUST00973,Karthik Das,2,2026-03-20,ACTIVE
974,CUST00974,Riya Gupta,1,2025-02-08,ACTIVE
975,CUST00975,Aarav Menon,2,2026-07-06,CLOSED
976,CUST00976,Sai Verma,4,2026-06-29,ACTIVE
977,CUST00977,Diya Kumar,4,2025-05-19,INACTIVE
978,CUST00978,Karthik Bose,1,2025-11-28,SUSPENDED
979,CUST00979,Aarav Iyer,1,2025-11-26,ACTIVE
980,CUST00980,Aarav Kumar,1,2026-04-23,ACTIVE
981,CUST00981,Ishita Das,4,2026-08-01,CLOSED
982,CUST00982,Nikhil Chauhan,1,2025-01-07,ACTIVE
983,CUST00983,Aditi Patel,1,2025-03-25,CLOSED
984,CUST00984,Karthik Mishra,1,2025-07-27,ACTIVE
985,CUST00985,Ananya Sharma,3,2026-03-10,ACTIVE
986,CUST00986,Meera Chauhan,2,2025-05-16,ACTIVE
987,CUST00987,Sneha Joshi,4,2026-01-04,ACTIVE
988,CUST00988,Kavya Mehta,2,2025-02-08,INACTIVE
989,CUST00989,Ishita Mehta,1,2025-03-14,INACTIVE
990,CUST00990,Rahul Iyer,3,2025-07-04,ACTIVE
991,CUST00991,Arjun Kapoor,2,2026-06-19,ACTIVE
992,CUST00992,Riya Mehta,2,2025-11-17,SUSPENDED
993,CUST00993,Rohan Patel,2,2025-07-17,ACTIVE
994,CUST00994,Ananya Patel,4,2026-05-24,CLOSED
995,CUST00995,Aditi Kapoor,2,2026-03-05,ACTIVE
996,CUST00996,Kavya Reddy,1,2026-07-26,ACTIVE
997,CUST00997,Ishita Gupta,4,2025-05-03,SUSPENDED
998,CUST00998,Meera Menon,3,2025-09-02,ACTIVE
999,CUST00999,Karthik Kumar,3,2025-11-08,CLOSED
1000,CUST01000,Vivaan Nair,1,2026-07-24,INACTIVE
