subscription_id,customer_id,plan_name,subscription_status,start_date,end_date,monthly_price
1,1,ENTERPRISE,ACTIVE,2025-07-15,,9999.00
2,2,BASIC,ACTIVE,2026-05-10,,999.00
3,3,PRO,ACTIVE,2026-02-26,,2499.00
4,4,PRO,ACTIVE,2026-02-22,,2499.00
5,5,BASIC,CANCELLED,2026-03-16,2026-06-23,999.00
6,6,PRO,ACTIVE,2026-05-30,,2499.00
7,7,PRO,ACTIVE,2025-10-23,,2499.00
8,8,ENTERPRISE,ACTIVE,2025-12-28,,9999.00
9,9,PRO,ACTIVE,2026-04-03,,2499.00
10,10,BASIC,CANCELLED,2026-01-06,2026-05-17,999.00
11,11,PRO,ACTIVE,2026-04-17,,2499.00
12,12,PRO,ACTIVE,2026-07-23,,2499.00
13,13,BASIC,ACTIVE,2025-12-09,,999.00
14,14,BASIC,ACTIVE,2026-05-12,,999.00
15,15,PRO,ACTIVE,2026-02-18,,2499.00
16,16,PRO,ACTIVE,2025-11-02,,2499.00
17,17,PRO,ACTIVE,2025-02-08,,2499.00
18,18,BASIC,ACTIVE,2025-11-02,,999.00
19,19,BASIC,ACTIVE,2025-11-06,,999.00
20,20,BASIC,ACTIVE,2026-06-10,,999.00
21,21,PRO,ACTIVE,2026-03-23,,2499.00
22,22,PRO,ACTIVE,2026-04-03,,2499.00
23,23,BASIC,ACTIVE,2025-05-20,,999.00
24,24,PRO,ACTIVE,2025-09-15,,2499.00
25,25,PRO,ACTIVE,2026-06-09,,2499.00
26,26,PRO,ACTIVE,2025-11-06,,2499.00
27,27,BASIC,ACTIVE,2025-06-09,,999.00
28,28,PRO,ACTIVE,2025-11-15,,2499.00
29,29,BASIC,EXPIRED,2025-05-02,2026-05-01,999.00
30,30,BASIC,ACTIVE,2025-11-27,,999.00
31,31,PRO,CANCELLED,2025-05-17,2026-08-19,2499.00
32,32,PRO,ACTIVE,2026-06-13,,2499.00
33,33,ENTERPRISE,ACTIVE,2026-07-03,,9999.00
34,34,PRO,EXPIRED,2025-06-08,2026-04-04,2499.00
35,35,BASIC,ACTIVE,2025-09-26,,999.00
36,36,BASIC,ACTIVE,2026-01-27,,999.00
37,37,BASIC,ACTIVE,2025-12-02,,999.00
38,38,PRO,ACTIVE,2026-07-08,,2499.00
39,39,BASIC,CANCELLED,2026-02-26,2026-05-10,999.00
40,40,FREE,ACTIVE,2026-04-29,,0.00
41,41,BASIC,ACTIVE,2026-05-04,,999.00
42,42,PRO,ACTIVE,2026-06-07,,2499.00
43,43,PRO,ACTIVE,2025-04-29,,2499.00
44,44,ENTERPRISE,ACTIVE,2025-07-25,,9999.00
45,45,ENTERPRISE,ACTIVE,2026-02-28,,9999.00
46,46,BASIC,ACTIVE,2026-06-19,,999.00
47,47,BASIC,ACTIVE,2025-11-08,,999.00
48,48,BASIC,ACTIVE,2025-08-11,,999.00
49,49,PRO,ACTIVE,2026-05-03,,2499.00
50,50,BASIC,ACTIVE,2025-09-13,,999.00
51,51,PRO,ACTIVE,2026-03-25,,2499.00
52,52,BASIC,ACTIVE,2026-04-11,,999.00
53,53,ENTERPRISE,ACTIVE,2025-12-24,,9999.00
54,54,PRO,ACTIVE,2026-06-23,,2499.00
55,55,BASIC,ACTIVE,2025-10-06,,999.00
56,56,BASIC,ACTIVE,2025-05-04,,999.00
57,57,PRO,ACTIVE,2025-12-10,,2499.00
58,58,BASIC,ACTIVE,2026-04-09,,999.00
59,59,PRO,CANCELLED,2026-05-06,2026-08-09,2499.00
60,60,BASIC,ACTIVE,2025-09-29,,999.00
61,61,BASIC,CANCELLED,2025-07-15,2026-07-11,999.00
62,62,BASIC,CANCELLED,2025-12-27,2026-07-18,999.00
63,63,PRO,ACTIVE,2025-12-05,,2499.00
64,64,FREE,ACTIVE,2026-01-05,,0.00
65,65,FREE,EXPIRED,2025-12-27,2026-04-02,0.00
66,66,ENTERPRISE,ACTIVE,2026-06-04,,9999.00
67,67,PRO,ACTIVE,2026-01-21,,2499.00
68,68,PRO,CANCELLED,2025-12-19,2026-08-26,2499.00
69,69,PRO,ACTIVE,2025-05-22,,2499.00
70,70,PRO,ACTIVE,2025-12-02,,2499.00
71,71,PRO,ACTIVE,2025-05-28,,2499.00
72,72,BASIC,ACTIVE,2025-06-20,,999.00
73,73,BASIC,ACTIVE,2026-02-28,,999.00
74,74,BASIC,EXPIRED,2025-10-28,2026-02-27,999.00
75,75,PRO,ACTIVE,2025-06-30,,2499.00
76,76,BASIC,ACTIVE,2025-12-30,,999.00
77,77,PRO,EXPIRED,2026-06-13,2026-07-02,2499.00
78,78,BASIC,ACTIVE,2025-12-17,,999.00
79,79,BASIC,ACTIVE,2026-03-14,,999.00
80,80,BASIC,EXPIRED,2026-07-27,2026-07-31,999.00
81,81,BASIC,ACTIVE,2025-09-27,,999.00
82,82,BASIC,ACTIVE,2025-09-09,,999.00
83,83,PRO,ACTIVE,2026-05-07,,2499.00
84,84,PRO,ACTIVE,2025-12-26,,2499.00
85,85,BASIC,CANCELLED,2025-11-13,2026-03-14,999.00
86,86,PRO,ACTIVE,2025-12-17,,2499.00
87,87,PRO,ACTIVE,2026-06-20,,2499.00
88,88,BASIC,ACTIVE,2026-04-01,,999.00
89,89,PRO,ACTIVE,2026-07-26,,2499.00
90,90,PRO,ACTIVE,2025-03-20,,2499.00
91,91,BASIC,ACTIVE,2026-03-12,,999.00
92,92,FREE,ACTIVE,2026-05-25,,0.00
93,93,PRO,ACTIVE,2026-01-08,,2499.00
94,94,PRO,ACTIVE,2026-03-25,,2499.00
95,95,BASIC,ACTIVE,2026-07-11,,999.00
96,96,PRO,CANCELLED,2025-09-25,2026-08-06,2499.00
97,97,BASIC,ACTIVE,2025-09-06,,999.00
98,98,BASIC,ACTIVE,2026-06-21,,999.00
99,99,BASIC,ACTIVE,2025-10-16,,999.00
100,100,PRO,ACTIVE,2026-03-04,,2499.00
101,101,ENTERPRISE,ACTIVE,2026-02-03,,9999.00
102,102,BASIC,ACTIVE,2025-05-15,,999.00
103,103,ENTERPRISE,ACTIVE,2025-10-14,,9999.00
104,104,PRO,CANCELLED,2026-01-22,2026-08-17,2499.00
105,105,PRO,ACTIVE,2025-03-18,,2499.00
106,106,ENTERPRISE,CANCELLED,2026-07-08,2026-08-06,9999.00
107,107,PRO,ACTIVE,2026-07-21,,2499.00
108,108,PRO,ACTIVE,2026-01-09,,2499.00
109,109,BASIC,ACTIVE,2025-04-21,,999.00
110,110,BASIC,EXPIRED,2026-01-24,2026-04-13,999.00
111,111,BASIC,ACTIVE,2026-06-27,,999.00
112,112,BASIC,ACTIVE,2025-08-23,,999.00
113,113,FREE,ACTIVE,2025-12-06,,0.00
114,114,BASIC,CANCELLED,2025-08-19,2026-04-03,999.00
115,115,FREE,ACTIVE,2025-11-13,,0.00
116,116,PRO,ACTIVE,2026-02-26,,2499.00
117,117,PRO,ACTIVE,2026-01-27,,2499.00
118,118,PRO,ACTIVE,2026-07-12,,2499.00
119,119,PRO,ACTIVE,2026-06-28,,2499.00
120,120,PRO,ACTIVE,2026-07-27,,2499.00
121,121,PRO,ACTIVE,2025-12-28,,2499.00
122,122,PRO,ACTIVE,2025-08-31,,2499.00
123,123,FREE,CANCELLED,2026-03-14,2026-05-29,0.00
124,124,PRO,ACTIVE,2026-07-30,,2499.00
125,125,BASIC,ACTIVE,2025-12-07,,999.00
126,126,PRO,ACTIVE,2026-05-15,,2499.00
127,127,PRO,ACTIVE,2026-02-19,,2499.00
128,128,PRO,ACTIVE,2026-02-27,,2499.00
129,129,BASIC,ACTIVE,2025-05-22,,999.00
130,130,BASIC,ACTIVE,2026-03-04,,999.00
131,131,FREE,ACTIVE,2025-12-07,,0.00
132,132,BASIC,ACTIVE,2026-05-17,,999.00
133,133,PRO,ACTIVE,2025-11-27,,2499.00
134,134,FREE,ACTIVE,2026-06-22,,0.00
135,135,PRO,CANCELLED,2025-09-18,2026-08-21,2499.00
136,136,BASIC,ACTIVE,2025-11-05,,999.00
137,137,PRO,CANCELLED,2026-02-15,2026-08-20,2499.00
138,138,BASIC,ACTIVE,2025-10-12,,999.00
139,139,BASIC,ACTIVE,2026-05-10,,999.00
140,140,PRO,ACTIVE,2025-08-03,,2499.00
141,141,BASIC,ACTIVE,2026-06-01,,999.00
142,142,BASIC,ACTIVE,2026-06-24,,999.00
143,143,BASIC,CANCELLED,2026-02-19,2026-04-26,999.00
144,144,ENTERPRISE,ACTIVE,2025-12-22,,9999.00
145,145,PRO,ACTIVE,2025-06-27,,2499.00
146,146,ENTERPRISE,ACTIVE,2025-03-27,,9999.00
147,147,BASIC,EXPIRED,2026-04-19,2026-05-15,999.00
148,148,PRO,ACTIVE,2026-06-14,,2499.00
149,149,PRO,ACTIVE,2026-08-07,,2499.00
150,150,BASIC,ACTIVE,2025-10-13,,999.00
151,151,BASIC,ACTIVE,2026-04-27,,999.00
152,152,BASIC,ACTIVE,2025-10-09,,999.00
153,153,PRO,ACTIVE,2026-06-22,,2499.00
154,154,FREE,ACTIVE,2025-05-28,,0.00
155,155,BASIC,ACTIVE,2026-06-05,,999.00
156,156,FREE,ACTIVE,2026-03-19,,0.00
157,157,BASIC,ACTIVE,2026-08-14,,999.00
158,158,PRO,ACTIVE,2025-08-08,,2499.00
159,159,BASIC,ACTIVE,2026-08-09,,999.00
160,160,BASIC,ACTIVE,2026-05-03,,999.00
161,161,ENTERPRISE,CANCELLED,2026-05-07,2026-08-24,9999.00
162,162,BASIC,ACTIVE,2025-12-21,,999.00
163,163,BASIC,ACTIVE,2026-05-16,,999.00
164,164,PRO,ACTIVE,2025-11-22,,2499.00
165,165,BASIC,ACTIVE,2025-11-03,,999.00
166,166,FREE,ACTIVE,2026-06-15,,0.00
167,167,ENTERPRISE,ACTIVE,2026-01-17,,9999.00
168,168,BASIC,ACTIVE,2026-03-29,,999.00
169,169,FREE,ACTIVE,2026-06-08,,0.00
170,170,FREE,ACTIVE,2025-09-18,,0.00
171,171,FREE,ACTIVE,2026-05-20,,0.00
172,172,PRO,CANCELLED,2025-07-06,2026-02-09,2499.00
173,173,BASIC,ACTIVE,2026-01-15,,999.00
174,174,BASIC,ACTIVE,2026-06-22,,999.00
175,175,BASIC,ACTIVE,2026-01-24,,999.00
176,176,ENTERPRISE,ACTIVE,2025-02-10,,9999.00
177,177,PRO,ACTIVE,2026-06-28,,2499.00
178,178,PRO,CANCELLED,2026-05-11,2026-08-19,2499.00
179,179,ENTERPRISE,ACTIVE,2026-02-06,,9999.00
180,180,BASIC,ACTIVE,2026-05-11,,999.00
181,181,BASIC,ACTIVE,2026-07-28,,999.00
182,182,FREE,CANCELLED,2025-09-07,2026-05-21,0.00
183,183,BASIC,ACTIVE,2025-07-11,,999.00
184,184,ENTERPRISE,ACTIVE,2026-06-28,,9999.00
185,185,PRO,ACTIVE,2026-02-17,,2499.00
186,186,BASIC,ACTIVE,2025-08-30,,999.00
187,187,FREE,ACTIVE,2025-08-19,,0.00
188,188,ENTERPRISE,ACTIVE,2026-03-11,,9999.00
189,189,PRO,ACTIVE,2025-08-29,,2499.00
190,190,BASIC,ACTIVE,2025-07-14,,999.00
191,191,ENTERPRISE,ACTIVE,2026-06-05,,9999.00
192,192,PRO,CANCELLED,2026-04-25,2026-08-28,2499.00
193,193,FREE,ACTIVE,2026-03-07,,0.00
194,194,BASIC,CANCELLED,2026-04-08,2026-05-10,999.00
195,195,PRO,ACTIVE,2025-11-21,,2499.00
196,196,BASIC,ACTIVE,2025-08-07,,999.00
197,197,BASIC,ACTIVE,2026-06-16,,999.00
198,198,ENTERPRISE,ACTIVE,2025-08-27,,9999.00
199,199,FREE,ACTIVE,2025-10-26,,0.00
200,200,PRO,ACTIVE,2026-02-11,,2499.00
201,201,PRO,CANCELLED,2026-03-10,2026-08-27,2499.00
202,202,BASIC,ACTIVE,2026-03-16,,999.00
203,203,BASIC,ACTIVE,2026-05-28,,999.00
204,204,BASIC,ACTIVE,2026-04-29,,999.00
205,205,ENTERPRISE,ACTIVE,2026-08-06,,9999.00
206,206,BASIC,ACTIVE,2025-11-30,,999.00
207,207,BASIC,ACTIVE,2026-01-21,,999.00
208,208,PRO,ACTIVE,2025-09-04,,2499.00
209,209,BASIC,ACTIVE,2026-06-15,,999.00
210,210,FREE,ACTIVE,2026-02-26,,0.00
211,211,BASIC,ACTIVE,2025-10-24,,999.00
212,212,ENTERPRISE,ACTIVE,2026-06-09,,9999.00
213,213,BASIC,ACTIVE,2026-05-19,,999.00
214,214,BASIC,ACTIVE,2026-03-12,,999.00
215,215,ENTERPRISE,ACTIVE,2025-06-14,,9999.00
216,216,PRO,ACTIVE,2026-01-01,,2499.00
217,217,BASIC,ACTIVE,2026-04-05,,999.00
218,218,BASIC,ACTIVE,2026-01-06,,999.00
219,219,PRO,CANCELLED,2026-07-11,2026-08-28,2499.00
220,220,FREE,ACTIVE,2026-03-21,,0.00
221,221,BASIC,CANCELLED,2025-07-03,2026-03-10,999.00
222,222,PRO,ACTIVE,2026-07-30,,2499.00
223,223,BASIC,ACTIVE,2026-05-23,,999.00
224,224,PRO,ACTIVE,2026-03-05,,2499.00
225,225,BASIC,ACTIVE,2026-03-04,,999.00
226,226,BASIC,ACTIVE,2026-05-20,,999.00
227,227,BASIC,ACTIVE,2026-06-15,,999.00
228,228,PRO,ACTIVE,2026-02-17,,2499.00
229,229,PRO,CANCELLED,2026-06-06,2026-07-13,2499.00
230,230,BASIC,ACTIVE,2026-01-29,,999.00
231,231,BASIC,ACTIVE,2026-02-01,,999.00
232,232,PRO,ACTIVE,2026-01-22,,2499.00
233,233,ENTERPRISE,CANCELLED,2026-01-11,2026-02-18,9999.00
234,234,BASIC,ACTIVE,2026-05-18,,999.00
235,235,PRO,CANCELLED,2025-04-14,2026-05-19,2499.00
236,236,PRO,ACTIVE,2025-06-23,,2499.00
237,237,PRO,ACTIVE,2026-04-13,,2499.00
238,238,FREE,ACTIVE,2026-04-11,,0.00
239,239,PRO,ACTIVE,2025-12-26,,2499.00
240,240,BASIC,CANCELLED,2025-11-01,2026-03-01,999.00
241,241,BASIC,ACTIVE,2025-01-19,,999.00
242,242,ENTERPRISE,EXPIRED,2026-05-10,2026-06-16,9999.00
243,243,BASIC,ACTIVE,2025-05-13,,999.00
244,244,PRO,ACTIVE,2026-06-05,,2499.00
245,245,BASIC,ACTIVE,2026-07-16,,999.00
246,246,PRO,ACTIVE,2026-07-12,,2499.00
247,247,PRO,ACTIVE,2026-01-23,,2499.00
248,248,FREE,ACTIVE,2025-10-14,,0.00
249,249,BASIC,ACTIVE,2026-02-03,,999.00
250,250,BASIC,ACTIVE,2026-07-08,,999.00
251,251,ENTERPRISE,ACTIVE,2025-11-21,,9999.00
252,252,BASIC,ACTIVE,2025-12-30,,999.00
253,253,BASIC,ACTIVE,2026-04-25,,999.00
254,254,PRO,ACTIVE,2026-05-27,,2499.00
255,255,PRO,ACTIVE,2025-08-18,,2499.00
256,256,PRO,ACTIVE,2026-08-05,,2499.00
257,257,PRO,ACTIVE,2026-08-12,,2499.00
258,258,BASIC,ACTIVE,2026-04-03,,999.00
259,259,BASIC,ACTIVE,2026-03-02,,999.00
260,260,BASIC,ACTIVE,2026-02-28,,999.00
261,261,BASIC,ACTIVE,2026-05-17,,999.00
262,262,BASIC,ACTIVE,2026-02-24,,999.00
263,263,BASIC,ACTIVE,2025-05-27,,999.00
264,264,BASIC,ACTIVE,2026-04-08,,999.00
265,265,PRO,ACTIVE,2025-08-13,,2499.00
266,266,BASIC,ACTIVE,2025-09-13,,999.00
267,267,PRO,ACTIVE,2026-01-18,,2499.00
268,268,BASIC,ACTIVE,2026-04-17,,999.00
269,269,PRO,ACTIVE,2026-03-30,,2499.00
270,270,FREE,ACTIVE,2026-05-26,,0.00
271,271,BASIC,CANCELLED,2026-01-10,2026-03-20,999.00
272,272,PRO,ACTIVE,2026-06-02,,2499.00
273,273,ENTERPRISE,ACTIVE,2025-08-05,,9999.00
274,274,BASIC,ACTIVE,2026-01-27,,999.00
275,275,BASIC,CANCELLED,2025-12-21,2026-02-06,999.00
276,276,BASIC,CANCELLED,2026-05-28,2026-07-07,999.00
277,277,PRO,ACTIVE,2026-01-18,,2499.00
278,278,BASIC,CANCELLED,2025-01-23,2026-03-23,999.00
279,279,FREE,ACTIVE,2025-09-17,,0.00
280,280,PRO,ACTIVE,2025-07-05,,2499.00
281,281,BASIC,ACTIVE,2025-09-15,,999.00
282,282,BASIC,ACTIVE,2026-01-31,,999.00
283,283,BASIC,ACTIVE,2025-10-26,,999.00
284,284,ENTERPRISE,ACTIVE,2025-12-23,,9999.00
285,285,PRO,ACTIVE,2026-05-26,,2499.00
286,286,BASIC,ACTIVE,2026-06-01,,999.00
287,287,FREE,ACTIVE,2025-08-30,,0.00
288,288,PRO,ACTIVE,2026-08-02,,2499.00
289,289,BASIC,ACTIVE,2026-05-23,,999.00
290,290,BASIC,ACTIVE,2025-08-17,,999.00
291,291,BASIC,ACTIVE,2026-01-04,,999.00
292,292,PRO,ACTIVE,2026-06-15,,2499.00
293,293,BASIC,ACTIVE,2025-09-04,,999.00
294,294,BASIC,ACTIVE,2026-01-28,,999.00
295,295,PRO,ACTIVE,2025-09-09,,2499.00
296,296,BASIC,ACTIVE,2025-05-27,,999.00
297,297,PRO,ACTIVE,2026-02-01,,2499.00
298,298,FREE,ACTIVE,2026-04-15,,0.00
299,299,BASIC,ACTIVE,2026-01-01,,999.00
300,300,BASIC,ACTIVE,2026-07-26,,999.00
301,301,BASIC,ACTIVE,2025-10-31,,999.00
302,302,PRO,ACTIVE,2025-12-23,,2499.00
303,303,BASIC,ACTIVE,2026-02-11,,999.00
304,304,BASIC,ACTIVE,2026-03-22,,999.00
305,305,PRO,ACTIVE,2025-09-14,,2499.00
306,306,FREE,ACTIVE,2025-04-24,,0.00
307,307,PRO,ACTIVE,2026-04-03,,2499.00
308,308,BASIC,CANCELLED,2026-03-16,2026-03-29,999.00
309,309,BASIC,ACTIVE,2025-07-06,,999.00
310,310,ENTERPRISE,ACTIVE,2026-06-22,,9999.00
311,311,PRO,ACTIVE,2026-06-06,,2499.00
312,312,PRO,ACTIVE,2025-04-18,,2499.00
313,313,BASIC,ACTIVE,2026-03-06,,999.00
314,314,PRO,ACTIVE,2025-09-26,,2499.00
315,315,PRO,CANCELLED,2026-03-19,2026-05-26,2499.00
316,316,BASIC,ACTIVE,2026-06-02,,999.00
317,317,BASIC,ACTIVE,2025-10-29,,999.00
318,318,BASIC,ACTIVE,2026-02-07,,999.00
319,319,PRO,ACTIVE,2025-08-01,,2499.00
320,320,FREE,ACTIVE,2025-12-07,,0.00
321,321,ENTERPRISE,ACTIVE,2026-02-10,,9999.00
322,322,PRO,ACTIVE,2025-06-04,,2499.00
323,323,BASIC,ACTIVE,2026-07-29,,999.00
324,324,ENTERPRISE,EXPIRED,2025-03-20,2026-06-08,9999.00
325,325,BASIC,ACTIVE,2025-12-30,,999.00
326,326,PRO,ACTIVE,2026-06-04,,2499.00
327,327,PRO,ACTIVE,2026-07-30,,2499.00
328,328,PRO,ACTIVE,2026-04-24,,2499.00
329,329,PRO,ACTIVE,2026-04-15,,2499.00
330,330,ENTERPRISE,EXPIRED,2026-02-09,2026-08-26,9999.00
331,331,PRO,ACTIVE,2025-03-28,,2499.00
332,332,PRO,ACTIVE,2025-12-04,,2499.00
333,333,PRO,ACTIVE,2026-05-04,,2499.00
334,334,BASIC,ACTIVE,2026-03-16,,999.00
335,335,BASIC,ACTIVE,2026-08-15,,999.00
336,336,ENTERPRISE,ACTIVE,2025-09-16,,9999.00
337,337,PRO,ACTIVE,2025-11-10,,2499.00
338,338,PRO,ACTIVE,2026-06-17,,2499.00
339,339,PRO,ACTIVE,2026-04-15,,2499.00
340,340,BASIC,ACTIVE,2026-04-07,,999.00
341,341,BASIC,CANCELLED,2026-01-05,2026-08-20,999.00
342,342,PRO,ACTIVE,2026-01-05,,2499.00
343,343,PRO,ACTIVE,2025-10-17,,2499.00
344,344,ENTERPRISE,ACTIVE,2025-05-26,,9999.00
345,345,FREE,ACTIVE,2026-05-08,,0.00
346,346,PRO,CANCELLED,2025-09-18,2026-08-05,2499.00
347,347,PRO,ACTIVE,2025-03-07,,2499.00
348,348,BASIC,ACTIVE,2026-02-17,,999.00
349,349,BASIC,ACTIVE,2025-08-15,,999.00
350,350,BASIC,ACTIVE,2026-05-22,,999.00
351,351,BASIC,ACTIVE,2026-06-03,,999.00
352,352,BASIC,ACTIVE,2026-04-06,,999.00
353,353,PRO,ACTIVE,2026-02-21,,2499.00
354,354,BASIC,ACTIVE,2025-11-09,,999.00
355,355,BASIC,ACTIVE,2026-06-29,,999.00
356,356,BASIC,ACTIVE,2026-02-27,,999.00
357,357,BASIC,ACTIVE,2026-05-04,,999.00
358,358,FREE,ACTIVE,2026-06-09,,0.00
359,359,PRO,ACTIVE,2025-11-23,,2499.00
360,360,PRO,CANCELLED,2026-05-20,2026-05-24,2499.00
361,361,BASIC,ACTIVE,2026-06-16,,999.00
362,362,BASIC,ACTIVE,2026-05-31,,999.00
363,363,PRO,CANCELLED,2025-09-30,2026-03-15,2499.00
364,364,BASIC,ACTIVE,2025-08-26,,999.00
365,365,PRO,ACTIVE,2025-08-07,,2499.00
366,366,PRO,ACTIVE,2026-03-06,,2499.00
367,367,PRO,CANCELLED,2025-07-27,2026-08-13,2499.00
368,368,BASIC,ACTIVE,2025-12-19,,999.00
369,369,BASIC,ACTIVE,2026-03-08,,999.00
370,370,PRO,ACTIVE,2025-11-20,,2499.00
371,371,BASIC,ACTIVE,2026-05-11,,999.00
372,372,FREE,ACTIVE,2026-08-09,,0.00
373,373,BASIC,ACTIVE,2025-08-29,,999.00
374,374,PRO,ACTIVE,2025-08-21,,2499.00
375,375,BASIC,ACTIVE,2025-07-24,,999.00
376,376,ENTERPRISE,ACTIVE,2026-06-30,,9999.00
377,377,BASIC,CANCELLED,2026-03-31,2026-06-08,999.00
378,378,PRO,ACTIVE,2026-02-18,,2499.00
379,379,PRO,ACTIVE,2025-12-27,,2499.00
380,380,BASIC,ACTIVE,2025-06-10,,999.00
381,381,PRO,CANCELLED,2025-02-17,2026-08-09,2499.00
382,382,BASIC,ACTIVE,2026-05-10,,999.00
383,383,BASIC,ACTIVE,2025-06-22,,999.00
384,384,PRO,ACTIVE,2026-02-23,,2499.00
385,385,BASIC,ACTIVE,2025-09-18,,999.00
386,386,FREE,ACTIVE,2026-04-12,,0.00
387,387,ENTERPRISE,ACTIVE,2026-05-28,,9999.00
388,388,PRO,ACTIVE,2025-06-01,,2499.00
389,389,BASIC,ACTIVE,2026-05-01,,999.00
390,390,PRO,ACTIVE,2026-01-03,,2499.00
391,391,BASIC,ACTIVE,2026-01-28,,999.00
392,392,BASIC,ACTIVE,2026-04-18,,999.00
393,393,ENTERPRISE,ACTIVE,2025-08-19,,9999.00
394,394,BASIC,ACTIVE,2026-08-11,,999.00
395,395,PRO,ACTIVE,2025-10-02,,2499.00
396,396,BASIC,ACTIVE,2025-05-17,,999.00
397,397,BASIC,ACTIVE,2025-08-27,,999.00
398,398,BASIC,ACTIVE,2025-12-14,,999.00
399,399,FREE,ACTIVE,2025-07-23,,0.00
400,400,PRO,ACTIVE,2026-02-14,,2499.00
401,401,ENTERPRISE,ACTIVE,2025-06-06,,9999.00
402,402,PRO,ACTIVE,2026-05-07,,2499.00
403,403,PRO,ACTIVE,2025-03-21,,2499.00
404,404,BASIC,ACTIVE,2025-07-10,,999.00
405,405,PRO,ACTIVE,2026-06-14,,2499.00
406,406,PRO,ACTIVE,2026-01-07,,2499.00
407,407,PRO,ACTIVE,2025-06-10,,2499.00
408,408,BASIC,ACTIVE,2026-04-27,,999.00
409,409,BASIC,ACTIVE,2026-06-26,,999.00
410,410,BASIC,ACTIVE,2026-06-05,,999.00
411,411,BASIC,ACTIVE,2026-06-15,,999.00
412,412,ENTERPRISE,ACTIVE,2026-07-12,,9999.00
413,413,PRO,ACTIVE,2025-08-14,,2499.00
414,414,BASIC,ACTIVE,2026-04-30,,999.00
415,415,PRO,ACTIVE,2025-02-11,,2499.00
416,416,BASIC,ACTIVE,2026-05-01,,999.00
417,417,BASIC,CANCELLED,2026-04-17,2026-08-17,999.00
418,418,ENTERPRISE,ACTIVE,2026-08-11,,9999.00
419,419,BASIC,ACTIVE,2026-06-11,,999.00
420,420,PRO,ACTIVE,2026-05-28,,2499.00
421,421,BASIC,ACTIVE,2025-10-06,,999.00
422,422,BASIC,ACTIVE,2026-04-19,,999.00
423,423,BASIC,ACTIVE,2026-04-28,,999.00
424,424,PRO,ACTIVE,2026-03-11,,2499.00
425,425,BASIC,ACTIVE,2025-08-01,,999.00
426,426,PRO,ACTIVE,2026-04-02,,2499.00
427,427,FREE,ACTIVE,2026-02-24,,0.00
428,428,PRO,ACTIVE,2025-05-19,,2499.00
429,429,PRO,ACTIVE,2025-07-05,,2499.00
430,430,BASIC,ACTIVE,2026-04-08,,999.00
431,431,PRO,ACTIVE,2026-06-11,,2499.00
432,432,BASIC,ACTIVE,2026-06-12,,999.00
433,433,BASIC,ACTIVE,2026-03-19,,999.00
434,434,PRO,ACTIVE,2025-10-23,,2499.00
435,435,PRO,ACTIVE,2026-03-15,,2499.00
436,436,ENTERPRISE,ACTIVE,2026-03-13,,9999.00
437,437,PRO,ACTIVE,2026-03-08,,2499.00
438,438,BASIC,ACTIVE,2025-10-22,,999.00
439,439,BASIC,ACTIVE,2025-08-09,,999.00
440,440,PRO,CANCELLED,2025-12-11,2026-08-27,2499.00
441,441,PRO,ACTIVE,2026-05-06,,2499.00
442,442,PRO,ACTIVE,2025-05-18,,2499.00
443,443,BASIC,ACTIVE,2025-01-14,,999.00
444,444,ENTERPRISE,ACTIVE,2026-04-30,,9999.00
445,445,PRO,ACTIVE,2025-10-19,,2499.00
446,446,PRO,ACTIVE,2025-10-18,,2499.00
447,447,BASIC,ACTIVE,2025-09-23,,999.00
448,448,BASIC,ACTIVE,2025-11-04,,999.00
449,449,PRO,EXPIRED,2025-11-07,2026-05-02,2499.00
450,450,ENTERPRISE,ACTIVE,2025-09-14,,9999.00
451,451,PRO,CANCELLED,2026-01-07,2026-08-17,2499.00
452,452,PRO,ACTIVE,2026-04-18,,2499.00
453,453,BASIC,ACTIVE,2026-05-29,,999.00
454,454,PRO,ACTIVE,2025-09-18,,2499.00
455,455,FREE,ACTIVE,2025-06-13,,0.00
456,456,BASIC,ACTIVE,2025-08-28,,999.00
457,457,BASIC,ACTIVE,2026-03-04,,999.00
458,458,PRO,ACTIVE,2026-03-10,,2499.00
459,459,BASIC,ACTIVE,2025-12-15,,999.00
460,460,PRO,ACTIVE,2025-11-13,,2499.00
461,461,BASIC,ACTIVE,2026-05-06,,999.00
462,462,BASIC,ACTIVE,2026-07-05,,999.00
463,463,PRO,ACTIVE,2025-10-04,,2499.00
464,464,PRO,ACTIVE,2026-08-11,,2499.00
465,465,BASIC,ACTIVE,2026-04-05,,999.00
466,466,BASIC,ACTIVE,2026-04-23,,999.00
467,467,BASIC,ACTIVE,2025-12-23,,999.00
468,468,PRO,ACTIVE,2025-11-13,,2499.00
469,469,PRO,ACTIVE,2026-04-11,,2499.00
470,470,BASIC,ACTIVE,2026-07-08,,999.00
471,471,BASIC,ACTIVE,2026-06-17,,999.00
472,472,ENTERPRISE,ACTIVE,2026-03-22,,9999.00
473,473,PRO,ACTIVE,2026-06-27,,2499.00
474,474,BASIC,ACTIVE,2025-07-26,,999.00
475,475,BASIC,ACTIVE,2025-12-26,,999.00
476,476,PRO,ACTIVE,2026-06-02,,2499.00
477,477,PRO,CANCELLED,2026-06-08,2026-08-24,2499.00
478,478,BASIC,ACTIVE,2026-04-01,,999.00
479,479,PRO,ACTIVE,2026-04-14,,2499.00
480,480,BASIC,ACTIVE,2026-05-19,,999.00
481,481,PRO,CANCELLED,2025-11-05,2026-08-06,2499.00
482,482,PRO,ACTIVE,2026-01-07,,2499.00
483,483,BASIC,ACTIVE,2026-06-09,,999.00
484,484,BASIC,ACTIVE,2026-06-13,,999.00
485,485,BASIC,ACTIVE,2025-10-31,,999.00
486,486,BASIC,ACTIVE,2025-04-21,,999.00
487,487,PRO,ACTIVE,2026-05-12,,2499.00
488,488,BASIC,ACTIVE,2026-04-27,,999.00
489,489,ENTERPRISE,ACTIVE,2026-05-15,,9999.00
490,490,BASIC,ACTIVE,2026-05-02,,999.00
491,491,PRO,ACTIVE,2026-07-26,,2499.00
492,492,BASIC,ACTIVE,2026-01-21,,999.00
493,493,PRO,ACTIVE,2026-03-15,,2499.00
494,494,BASIC,ACTIVE,2026-06-13,,999.00
495,495,PRO,ACTIVE,2026-03-24,,2499.00
496,496,BASIC,CANCELLED,2026-03-17,2026-03-18,999.00
497,497,BASIC,ACTIVE,2026-04-27,,999.00
498,498,BASIC,ACTIVE,2025-06-21,,999.00
499,499,PRO,ACTIVE,2026-06-24,,2499.00
500,500,BASIC,ACTIVE,2026-03-23,,999.00
501,501,PRO,ACTIVE,2025-10-26,,2499.00
502,502,BASIC,ACTIVE,2026-05-19,,999.00
503,503,PRO,ACTIVE,2025-08-16,,2499.00
504,504,ENTERPRISE,ACTIVE,2025-10-08,,9999.00
505,505,BASIC,CANCELLED,2025-12-07,2026-02-26,999.00
506,506,BASIC,ACTIVE,2026-02-04,,999.00
507,507,BASIC,ACTIVE,2026-05-23,,999.00
508,508,PRO,ACTIVE,2025-12-28,,2499.00
509,509,FREE,ACTIVE,2026-05-30,,0.00
510,510,PRO,ACTIVE,2026-08-10,,2499.00
511,511,BASIC,ACTIVE,2026-05-15,,999.00
512,512,PRO,EXPIRED,2026-01-13,2026-01-28,2499.00
513,513,PRO,ACTIVE,2025-08-02,,2499.00
514,514,ENTERPRISE,ACTIVE,2026-03-23,,9999.00
515,515,BASIC,EXPIRED,2026-06-19,2026-08-08,999.00
516,516,BASIC,ACTIVE,2025-10-19,,999.00
517,517,BASIC,ACTIVE,2025-07-29,,999.00
518,518,BASIC,ACTIVE,2026-03-11,,999.00
519,519,FREE,ACTIVE,2026-07-05,,0.00
520,520,BASIC,CANCELLED,2026-05-31,2026-07-28,999.00
521,521,ENTERPRISE,ACTIVE,2026-03-02,,9999.00
522,522,PRO,ACTIVE,2026-04-22,,2499.00
523,523,PRO,ACTIVE,2026-05-27,,2499.00
524,524,PRO,ACTIVE,2025-10-23,,2499.00
525,525,PRO,ACTIVE,2025-03-28,,2499.00
526,526,FREE,ACTIVE,2025-10-05,,0.00
527,527,FREE,ACTIVE,2026-05-13,,0.00
528,528,BASIC,ACTIVE,2025-05-27,,999.00
529,529,FREE,EXPIRED,2026-06-05,2026-08-20,0.00
530,530,ENTERPRISE,ACTIVE,2025-12-04,,9999.00
531,531,PRO,ACTIVE,2026-04-02,,2499.00
532,532,BASIC,ACTIVE,2026-05-11,,999.00
533,533,BASIC,ACTIVE,2025-07-18,,999.00
534,534,BASIC,ACTIVE,2025-10-24,,999.00
535,535,PRO,ACTIVE,2026-05-24,,2499.00
536,536,BASIC,ACTIVE,2026-04-13,,999.00
537,537,BASIC,ACTIVE,2025-09-24,,999.00
538,538,BASIC,ACTIVE,2026-07-26,,999.00
539,539,BASIC,ACTIVE,2025-10-07,,999.00
540,540,BASIC,ACTIVE,2025-12-20,,999.00
541,541,PRO,CANCELLED,2025-06-27,2026-05-14,2499.00
542,542,BASIC,ACTIVE,2025-05-26,,999.00
543,543,BASIC,ACTIVE,2026-05-01,,999.00
544,544,BASIC,ACTIVE,2026-07-15,,999.00
545,545,ENTERPRISE,ACTIVE,2025-05-02,,9999.00
546,546,BASIC,ACTIVE,2025-12-11,,999.00
547,547,BASIC,ACTIVE,2025-06-16,,999.00
548,548,FREE,ACTIVE,2025-12-22,,0.00
549,549,PRO,ACTIVE,2025-11-01,,2499.00
550,550,PRO,ACTIVE,2026-04-11,,2499.00
551,551,PRO,ACTIVE,2026-04-11,,2499.00
552,552,PRO,ACTIVE,2026-01-23,,2499.00
553,553,PRO,ACTIVE,2026-05-19,,2499.00
554,554,FREE,ACTIVE,2026-04-16,,0.00
555,555,PRO,ACTIVE,2026-01-09,,2499.00
556,556,PRO,ACTIVE,2025-11-08,,2499.00
557,557,BASIC,ACTIVE,2026-05-08,,999.00
558,558,BASIC,ACTIVE,2025-03-07,,999.00
559,559,PRO,ACTIVE,2025-07-27,,2499.00
560,560,PRO,ACTIVE,2026-05-09,,2499.00
561,561,BASIC,ACTIVE,2025-12-24,,999.00
562,562,PRO,ACTIVE,2026-04-08,,2499.00
563,563,FREE,ACTIVE,2026-06-19,,0.00
564,564,FREE,ACTIVE,2026-02-07,,0.00
565,565,BASIC,ACTIVE,2025-07-02,,999.00
566,566,ENTERPRISE,ACTIVE,2025-03-19,,9999.00
567,567,BASIC,ACTIVE,2025-11-05,,999.00
568,568,FREE,ACTIVE,2025-05-17,,0.00
569,569,BASIC,ACTIVE,2026-02-20,,999.00
570,570,PRO,ACTIVE,2025-07-13,,2499.00
571,571,PRO,CANCELLED,2025-08-08,2026-08-21,2499.00
572,572,PRO,ACTIVE,2026-05-18,,2499.00
573,573,PRO,ACTIVE,2025-10-22,,2499.00
574,574,BASIC,ACTIVE,2026-07-04,,999.00
575,575,BASIC,ACTIVE,2025-06-24,,999.00
576,576,BASIC,ACTIVE,2025-12-29,,999.00
577,577,FREE,ACTIVE,2025-11-16,,0.00
578,578,FREE,ACTIVE,2026-05-31,,0.00
579,579,PRO,ACTIVE,2026-05-19,,2499.00
580,580,BASIC,ACTIVE,2025-11-28,,999.00
581,581,PRO,ACTIVE,2026-05-13,,2499.00
582,582,FREE,ACTIVE,2025-06-24,,0.00
583,583,BASIC,ACTIVE,2026-06-15,,999.00
584,584,PRO,ACTIVE,2026-04-29,,2499.00
585,585,PRO,ACTIVE,2025-05-20,,2499.00
586,586,BASIC,ACTIVE,2026-04-17,,999.00
587,587,BASIC,ACTIVE,2026-03-08,,999.00
588,588,PRO,ACTIVE,2026-04-14,,2499.00
589,589,PRO,ACTIVE,2026-07-19,,2499.00
590,590,PRO,ACTIVE,2026-05-09,,2499.00
591,591,BASIC,ACTIVE,2026-07-24,,999.00
592,592,PRO,ACTIVE,2025-11-26,,2499.00
593,593,BASIC,ACTIVE,2025-06-18,,999.00
594,594,BASIC,ACTIVE,2025-06-06,,999.00
595,595,FREE,CANCELLED,2025-12-28,2026-04-04,0.00
596,596,BASIC,EXPIRED,2025-11-26,2026-07-07,999.00
597,597,PRO,ACTIVE,2026-02-18,,2499.00
598,598,BASIC,ACTIVE,2026-01-01,,999.00
599,599,ENTERPRISE,ACTIVE,2025-05-05,,9999.00
600,600,FREE,CANCELLED,2025-12-16,2026-05-04,0.00
601,601,FREE,ACTIVE,2026-04-30,,0.00
602,602,BASIC,ACTIVE,2026-08-04,,999.00
603,603,BASIC,ACTIVE,2025-04-17,,999.00
604,604,PRO,ACTIVE,2026-03-05,,2499.00
605,605,BASIC,ACTIVE,2026-03-31,,999.00
606,606,BASIC,ACTIVE,2026-05-03,,999.00
607,607,PRO,ACTIVE,2026-06-29,,2499.00
608,608,BASIC,ACTIVE,2026-05-11,,999.00
609,609,BASIC,ACTIVE,2026-01-19,,999.00
610,610,BASIC,ACTIVE,2026-05-11,,999.00
611,611,BASIC,EXPIRED,2026-04-14,2026-07-23,999.00
612,612,BASIC,ACTIVE,2025-08-24,,999.00
613,613,BASIC,ACTIVE,2026-05-18,,999.00
614,614,PRO,ACTIVE,2026-04-22,,2499.00
615,615,BASIC,ACTIVE,2026-04-17,,999.00
616,616,BASIC,ACTIVE,2025-11-26,,999.00
617,617,BASIC,ACTIVE,2026-04-14,,999.00
618,618,BASIC,ACTIVE,2026-07-27,,999.00
619,619,PRO,ACTIVE,2026-03-08,,2499.00
620,620,PRO,ACTIVE,2025-12-04,,2499.00
621,621,BASIC,ACTIVE,2026-05-21,,999.00
622,622,BASIC,ACTIVE,2026-03-25,,999.00
623,623,FREE,ACTIVE,2025-12-06,,0.00
624,624,BASIC,ACTIVE,2025-05-21,,999.00
625,625,FREE,ACTIVE,2026-05-23,,0.00
626,626,BASIC,ACTIVE,2025-08-01,,999.00
627,627,PRO,ACTIVE,2026-04-28,,2499.00
628,628,PRO,ACTIVE,2025-02-02,,2499.00
629,629,ENTERPRISE,ACTIVE,2026-03-17,,9999.00
630,630,BASIC,ACTIVE,2025-08-21,,999.00
631,631,BASIC,EXPIRED,2026-05-24,2026-05-30,999.00
632,632,BASIC,ACTIVE,2026-01-10,,999.00
633,633,PRO,ACTIVE,2026-03-02,,2499.00
634,634,PRO,ACTIVE,2026-07-01,,2499.00
635,635,ENTERPRISE,ACTIVE,2026-03-28,,9999.00
636,636,BASIC,ACTIVE,2026-06-02,,999.00
637,637,BASIC,ACTIVE,2026-03-09,,999.00
638,638,PRO,ACTIVE,2026-05-26,,2499.00
639,639,PRO,ACTIVE,2025-05-16,,2499.00
640,640,BASIC,CANCELLED,2025-12-01,2026-05-25,999.00
641,641,BASIC,ACTIVE,2025-12-25,,999.00
642,642,BASIC,EXPIRED,2026-06-09,2026-06-12,999.00
643,643,PRO,ACTIVE,2026-07-12,,2499.00
644,644,BASIC,ACTIVE,2026-01-10,,999.00
645,645,FREE,ACTIVE,2025-09-29,,0.00
646,646,BASIC,ACTIVE,2026-06-08,,999.00
647,647,BASIC,ACTIVE,2025-11-21,,999.00
648,648,PRO,ACTIVE,2026-03-05,,2499.00
649,649,BASIC,ACTIVE,2026-05-12,,999.00
650,650,PRO,ACTIVE,2026-07-10,,2499.00
651,651,BASIC,ACTIVE,2026-08-07,,999.00
652,652,BASIC,ACTIVE,2026-03-06,,999.00
653,653,PRO,ACTIVE,2025-12-06,,2499.00
654,654,BASIC,ACTIVE,2025-08-05,,999.00
655,655,PRO,EXPIRED,2025-05-07,2026-08-14,2499.00
656,656,ENTERPRISE,ACTIVE,2025-12-30,,9999.00
657,657,BASIC,ACTIVE,2026-01-22,,999.00
658,658,PRO,ACTIVE,2025-11-24,,2499.00
659,659,ENTERPRISE,ACTIVE,2026-06-29,,9999.00
660,660,PRO,ACTIVE,2026-04-04,,2499.00
661,661,PRO,ACTIVE,2025-06-28,,2499.00
662,662,BASIC,ACTIVE,2025-10-17,,999.00
663,663,PRO,ACTIVE,2026-05-29,,2499.00
664,664,BASIC,ACTIVE,2025-03-11,,999.00
665,665,PRO,ACTIVE,2026-05-09,,2499.00
666,666,PRO,ACTIVE,2026-06-16,,2499.00
667,667,PRO,ACTIVE,2025-05-18,,2499.00
668,668,PRO,CANCELLED,2025-11-19,2026-08-27,2499.00
669,669,PRO,ACTIVE,2026-04-09,,2499.00
670,670,PRO,CANCELLED,2026-04-29,2026-08-11,2499.00
671,671,BASIC,ACTIVE,2026-02-24,,999.00
672,672,BASIC,CANCELLED,2026-02-12,2026-05-07,999.00
673,673,BASIC,ACTIVE,2025-12-28,,999.00
674,674,BASIC,ACTIVE,2026-01-30,,999.00
675,675,PRO,ACTIVE,2026-04-08,,2499.00
676,676,PRO,ACTIVE,2026-04-08,,2499.00
677,677,PRO,EXPIRED,2026-06-12,2026-07-22,2499.00
678,678,ENTERPRISE,ACTIVE,2025-08-02,,9999.00
679,679,PRO,ACTIVE,2025-12-24,,2499.00
680,680,PRO,ACTIVE,2026-03-09,,2499.00
681,681,BASIC,ACTIVE,2025-10-23,,999.00
682,682,BASIC,ACTIVE,2026-01-22,,999.00
683,683,BASIC,ACTIVE,2026-02-18,,999.00
684,684,BASIC,ACTIVE,2026-07-04,,999.00
685,685,BASIC,ACTIVE,2025-12-01,,999.00
686,686,PRO,ACTIVE,2026-05-04,,2499.00
687,687,BASIC,ACTIVE,2026-05-30,,999.00
688,688,PRO,ACTIVE,2026-01-24,,2499.00
689,689,PRO,ACTIVE,2025-12-03,,2499.00
690,690,PRO,ACTIVE,2026-03-26,,2499.00
691,691,PRO,CANCELLED,2025-06-22,2026-08-20,2499.00
692,692,BASIC,ACTIVE,2026-07-02,,999.00
693,693,BASIC,ACTIVE,2026-05-23,,999.00
694,694,PRO,ACTIVE,2026-06-19,,2499.00
695,695,ENTERPRISE,ACTIVE,2026-07-28,,9999.00
696,696,ENTERPRISE,ACTIVE,2026-02-21,,9999.00
697,697,PRO,ACTIVE,2025-07-09,,2499.00
698,698,ENTERPRISE,ACTIVE,2025-08-10,,9999.00
699,699,PRO,ACTIVE,2026-04-21,,2499.00
700,700,PRO,ACTIVE,2026-01-18,,2499.00
701,701,BASIC,ACTIVE,2025-08-24,,999.00
702,702,BASIC,CANCELLED,2026-02-18,2026-04-12,999.00
703,703,FREE,ACTIVE,2025-11-15,,0.00
704,704,PRO,CANCELLED,2026-05-10,2026-08-11,2499.00
705,705,BASIC,ACTIVE,2025-12-05,,999.00
706,706,BASIC,CANCELLED,2025-07-20,2026-03-04,999.00
707,707,PRO,EXPIRED,2026-04-21,2026-06-22,2499.00
708,708,PRO,ACTIVE,2025-04-13,,2499.00
709,709,BASIC,ACTIVE,2025-11-25,,999.00
710,710,BASIC,ACTIVE,2025-10-24,,999.00
711,711,BASIC,ACTIVE,2026-07-13,,999.00
712,712,BASIC,ACTIVE,2026-02-28,,999.00
713,713,ENTERPRISE,ACTIVE,2025-04-20,,9999.00
714,714,FREE,ACTIVE,2025-08-08,,0.00
715,715,ENTERPRISE,ACTIVE,2025-09-25,,9999.00
716,716,PRO,ACTIVE,2026-05-11,,2499.00
717,717,BASIC,CANCELLED,2025-04-03,2026-02-13,999.00
718,718,PRO,ACTIVE,2025-09-20,,2499.00
719,719,PRO,CANCELLED,2025-07-31,2026-08-15,2499.00
720,720,BASIC,ACTIVE,2025-06-30,,999.00
721,721,BASIC,ACTIVE,2025-09-05,,999.00
722,722,PRO,ACTIVE,2026-06-17,,2499.00
723,723,PRO,ACTIVE,2025-05-10,,2499.00
724,724,PRO,ACTIVE,2025-09-02,,2499.00
725,725,PRO,ACTIVE,2026-07-20,,2499.00
726,726,PRO,ACTIVE,2025-07-09,,2499.00
727,727,BASIC,ACTIVE,2026-05-30,,999.00
728,728,ENTERPRISE,ACTIVE,2025-05-17,,9999.00
729,729,PRO,CANCELLED,2025-04-11,2026-04-19,2499.00
730,730,BASIC,ACTIVE,2026-07-27,,999.00
731,731,BASIC,ACTIVE,2025-09-09,,999.00
732,732,BASIC,ACTIVE,2025-04-30,,999.00
733,733,FREE,ACTIVE,2026-03-10,,0.00
734,734,PRO,EXPIRED,2026-06-01,2026-07-18,2499.00
735,735,BASIC,EXPIRED,2026-05-23,2026-08-23,999.00
736,736,BASIC,ACTIVE,2025-01-20,,999.00
737,737,PRO,ACTIVE,2026-03-20,,2499.00
738,738,BASIC,ACTIVE,2026-04-13,,999.00
739,739,ENTERPRISE,ACTIVE,2025-04-21,,9999.00
740,740,BASIC,ACTIVE,2025-09-18,,999.00
741,741,ENTERPRISE,ACTIVE,2025-12-01,,9999.00
742,742,PRO,CANCELLED,2026-06-28,2026-08-04,2499.00
743,743,PRO,ACTIVE,2026-03-27,,2499.00
744,744,ENTERPRISE,CANCELLED,2025-08-24,2026-03-12,9999.00
745,745,BASIC,ACTIVE,2026-01-15,,999.00
746,746,BASIC,ACTIVE,2026-03-23,,999.00
747,747,PRO,ACTIVE,2026-02-27,,2499.00
748,748,PRO,ACTIVE,2026-07-19,,2499.00
749,749,BASIC,ACTIVE,2025-12-31,,999.00
750,750,PRO,ACTIVE,2026-08-12,,2499.00
751,751,BASIC,ACTIVE,2026-06-27,,999.00
752,752,BASIC,ACTIVE,2026-05-20,,999.00
753,753,BASIC,ACTIVE,2025-07-04,,999.00
754,754,BASIC,ACTIVE,2025-12-25,,999.00
755,755,BASIC,ACTIVE,2025-08-12,,999.00
756,756,BASIC,ACTIVE,2025-11-21,,999.00
757,757,PRO,ACTIVE,2026-03-09,,2499.00
758,758,BASIC,ACTIVE,2026-01-24,,999.00
759,759,PRO,CANCELLED,2026-07-14,2026-08-09,2499.00
760,760,PRO,ACTIVE,2026-04-24,,2499.00
761,761,BASIC,ACTIVE,2026-02-01,,999.00
762,762,PRO,ACTIVE,2025-09-30,,2499.00
763,763,BASIC,EXPIRED,2026-04-04,2026-07-28,999.00
764,764,FREE,ACTIVE,2025-07-12,,0.00
765,765,BASIC,ACTIVE,2025-11-09,,999.00
766,766,BASIC,CANCELLED,2026-03-12,2026-06-26,999.00
767,767,BASIC,ACTIVE,2026-05-09,,999.00
768,768,ENTERPRISE,ACTIVE,2026-06-11,,9999.00
769,769,BASIC,ACTIVE,2026-03-31,,999.00
770,770,FREE,ACTIVE,2026-05-26,,0.00
771,771,PRO,ACTIVE,2025-12-19,,2499.00
772,772,BASIC,ACTIVE,2026-02-21,,999.00
773,773,PRO,ACTIVE,2025-06-05,,2499.00
774,774,PRO,ACTIVE,2026-05-28,,2499.00
775,775,BASIC,ACTIVE,2026-08-11,,999.00
776,776,BASIC,CANCELLED,2026-03-26,2026-05-20,999.00
777,777,PRO,ACTIVE,2025-11-18,,2499.00
778,778,BASIC,ACTIVE,2026-08-14,,999.00
779,779,ENTERPRISE,ACTIVE,2026-06-01,,9999.00
780,780,ENTERPRISE,ACTIVE,2025-09-21,,9999.00
781,781,PRO,ACTIVE,2026-05-22,,2499.00
782,782,BASIC,ACTIVE,2026-03-20,,999.00
783,783,BASIC,ACTIVE,2025-12-24,,999.00
784,784,PRO,CANCELLED,2026-06-03,2026-08-10,2499.00
785,785,BASIC,EXPIRED,2026-03-26,2026-07-07,999.00
786,786,FREE,ACTIVE,2026-04-07,,0.00
787,787,BASIC,CANCELLED,2025-06-21,2026-02-03,999.00
788,788,PRO,ACTIVE,2025-11-26,,2499.00
789,789,FREE,ACTIVE,2026-05-05,,0.00
790,790,PRO,CANCELLED,2026-08-15,2026-08-23,2499.00
791,791,PRO,CANCELLED,2025-08-31,2026-08-21,2499.00
792,792,BASIC,ACTIVE,2026-01-02,,999.00
793,793,PRO,CANCELLED,2025-11-27,2026-08-08,2499.00
794,794,PRO,ACTIVE,2026-07-03,,2499.00
795,795,BASIC,ACTIVE,2025-11-05,,999.00
796,796,ENTERPRISE,ACTIVE,2025-12-08,,9999.00
797,797,BASIC,ACTIVE,2026-05-10,,999.00
798,798,FREE,ACTIVE,2026-03-18,,0.00
799,799,PRO,ACTIVE,2026-01-01,,2499.00
800,800,BASIC,ACTIVE,2025-07-06,,999.00
801,801,PRO,ACTIVE,2025-12-25,,2499.00
802,802,PRO,ACTIVE,2025-05-02,,2499.00
803,803,PRO,ACTIVE,2025-06-07,,2499.00
804,804,PRO,ACTIVE,2026-05-31,,2499.00
805,805,BASIC,ACTIVE,2025-06-06,,999.00
806,806,PRO,ACTIVE,2025-06-10,,2499.00
807,807,PRO,ACTIVE,2026-04-22,,2499.00
808,808,BASIC,ACTIVE,2025-09-29,,999.00
809,809,BASIC,ACTIVE,2026-06-10,,999.00
810,810,BASIC,ACTIVE,2026-03-28,,999.00
811,811,PRO,CANCELLED,2025-08-11,2026-08-24,2499.00
812,812,PRO,ACTIVE,2026-01-23,,2499.00
813,813,BASIC,ACTIVE,2026-08-09,,999.00
814,814,PRO,ACTIVE,2026-03-28,,2499.00
815,815,BASIC,CANCELLED,2026-03-03,2026-07-19,999.00
816,816,PRO,ACTIVE,2026-05-07,,2499.00
817,817,BASIC,ACTIVE,2026-05-16,,999.00
818,818,BASIC,ACTIVE,2026-06-23,,999.00
819,819,PRO,ACTIVE,2025-10-28,,2499.00
820,820,ENTERPRISE,ACTIVE,2026-01-05,,9999.00
821,821,FREE,ACTIVE,2026-07-18,,0.00
822,822,BASIC,ACTIVE,2026-01-06,,999.00
823,823,PRO,ACTIVE,2026-05-29,,2499.00
824,824,FREE,ACTIVE,2025-08-03,,0.00
825,825,BASIC,ACTIVE,2025-10-23,,999.00
826,826,BASIC,ACTIVE,2025-08-25,,999.00
827,827,BASIC,ACTIVE,2026-02-17,,999.00
828,828,BASIC,ACTIVE,2026-06-21,,999.00
829,829,BASIC,ACTIVE,2026-05-03,,999.00
830,830,PRO,ACTIVE,2026-04-28,,2499.00
831,831,BASIC,ACTIVE,2026-02-07,,999.00
832,832,PRO,ACTIVE,2026-03-24,,2499.00
833,833,PRO,ACTIVE,2026-07-23,,2499.00
834,834,BASIC,ACTIVE,2025-04-05,,999.00
835,835,BASIC,ACTIVE,2025-03-03,,999.00
836,836,PRO,ACTIVE,2026-01-18,,2499.00
837,837,BASIC,ACTIVE,2026-04-30,,999.00
838,838,ENTERPRISE,ACTIVE,2025-11-17,,9999.00
839,839,ENTERPRISE,ACTIVE,2026-05-26,,9999.00
840,840,BASIC,ACTIVE,2026-04-09,,999.00
841,841,BASIC,ACTIVE,2026-05-07,,999.00
842,842,PRO,ACTIVE,2025-09-26,,2499.00
843,843,PRO,ACTIVE,2026-03-03,,2499.00
844,844,PRO,EXPIRED,2025-10-08,2026-01-06,2499.00
845,845,PRO,ACTIVE,2026-02-02,,2499.00
846,846,BASIC,ACTIVE,2026-02-02,,999.00
847,847,ENTERPRISE,ACTIVE,2025-12-03,,9999.00
848,848,ENTERPRISE,ACTIVE,2026-02-18,,9999.00
849,849,BASIC,ACTIVE,2026-03-11,,999.00
850,850,PRO,CANCELLED,2025-08-25,2026-06-30,2499.00
851,851,PRO,CANCELLED,2025-10-27,2026-02-10,2499.00
852,852,PRO,ACTIVE,2026-06-08,,2499.00
853,853,PRO,CANCELLED,2026-05-01,2026-08-01,2499.00
854,854,BASIC,ACTIVE,2026-06-07,,999.00
855,855,PRO,ACTIVE,2026-03-06,,2499.00
856,856,PRO,CANCELLED,2026-05-11,2026-07-17,2499.00
857,857,ENTERPRISE,ACTIVE,2025-09-23,,9999.00
858,858,BASIC,ACTIVE,2026-04-24,,999.00
859,859,PRO,ACTIVE,2025-09-02,,2499.00
860,860,ENTERPRISE,ACTIVE,2026-02-14,,9999.00
861,861,PRO,ACTIVE,2026-03-13,,2499.00
862,862,PRO,ACTIVE,2026-06-24,,2499.00
863,863,BASIC,ACTIVE,2025-09-07,,999.00
864,864,PRO,ACTIVE,2026-01-28,,2499.00
865,865,ENTERPRISE,ACTIVE,2025-03-16,,9999.00
866,866,BASIC,ACTIVE,2025-07-01,,999.00
867,867,PRO,ACTIVE,2025-09-07,,2499.00
868,868,BASIC,ACTIVE,2026-03-09,,999.00
869,869,ENTERPRISE,ACTIVE,2025-11-02,,9999.00
870,870,FREE,ACTIVE,2026-01-03,,0.00
871,871,PRO,ACTIVE,2026-08-10,,2499.00
872,872,PRO,ACTIVE,2025-10-28,,2499.00
873,873,PRO,ACTIVE,2025-06-09,,2499.00
874,874,BASIC,ACTIVE,2026-04-22,,999.00
875,875,BASIC,ACTIVE,2026-03-07,,999.00
876,876,BASIC,ACTIVE,2026-06-16,,999.00
877,877,BASIC,ACTIVE,2026-06-06,,999.00
878,878,PRO,ACTIVE,2026-05-23,,2499.00
879,879,BASIC,ACTIVE,2026-02-27,,999.00
880,880,BASIC,ACTIVE,2026-04-10,,999.00
881,881,ENTERPRISE,ACTIVE,2025-10-01,,9999.00
882,882,PRO,ACTIVE,2025-12-20,,2499.00
883,883,FREE,ACTIVE,2025-08-25,,0.00
884,884,PRO,ACTIVE,2026-05-17,,2499.00
885,885,PRO,ACTIVE,2026-06-23,,2499.00
886,886,BASIC,ACTIVE,2026-06-21,,999.00
887,887,PRO,CANCELLED,2026-01-16,2026-03-22,2499.00
888,888,PRO,ACTIVE,2025-10-10,,2499.00
889,889,ENTERPRISE,ACTIVE,2026-03-27,,9999.00
890,890,PRO,CANCELLED,2026-07-09,2026-08-17,2499.00
891,891,BASIC,ACTIVE,2025-05-19,,999.00
892,892,FREE,ACTIVE,2025-12-15,,0.00
893,893,BASIC,ACTIVE,2026-04-07,,999.00
894,894,PRO,ACTIVE,2026-05-25,,2499.00
895,895,BASIC,ACTIVE,2026-08-11,,999.00
896,896,BASIC,ACTIVE,2026-04-14,,999.00
897,897,PRO,ACTIVE,2025-10-29,,2499.00
898,898,ENTERPRISE,ACTIVE,2026-01-17,,9999.00
899,899,PRO,ACTIVE,2025-10-09,,2499.00
900,900,PRO,ACTIVE,2026-06-11,,2499.00
901,901,PRO,CANCELLED,2025-06-23,2026-07-25,2499.00
902,902,PRO,ACTIVE,2026-05-15,,2499.00
903,903,BASIC,ACTIVE,2026-04-02,,999.00
904,904,PRO,ACTIVE,2025-06-14,,2499.00
905,905,FREE,ACTIVE,2026-05-07,,0.00
906,906,BASIC,ACTIVE,2025-10-09,,999.00
907,907,PRO,ACTIVE,2026-04-29,,2499.00
908,908,PRO,ACTIVE,2025-03-29,,2499.00
909,909,PRO,ACTIVE,2025-08-03,,2499.00
910,910,PRO,ACTIVE,2026-03-11,,2499.00
911,911,PRO,CANCELLED,2026-04-06,2026-06-15,2499.00
912,912,PRO,ACTIVE,2026-01-08,,2499.00
913,913,PRO,ACTIVE,2025-04-03,,2499.00
914,914,BASIC,CANCELLED,2026-01-26,2026-04-06,999.00
915,915,ENTERPRISE,ACTIVE,2025-02-22,,9999.00
916,916,BASIC,ACTIVE,2025-12-27,,999.00
917,917,BASIC,ACTIVE,2025-12-10,,999.00
918,918,PRO,ACTIVE,2026-02-09,,2499.00
919,919,BASIC,ACTIVE,2025-05-10,,999.00
920,920,BASIC,ACTIVE,2026-02-12,,999.00
921,921,PRO,ACTIVE,2025-10-23,,2499.00
922,922,BASIC,ACTIVE,2025-10-04,,999.00
923,923,BASIC,ACTIVE,2026-03-23,,999.00
924,924,BASIC,ACTIVE,2026-01-17,,999.00
925,925,PRO,CANCELLED,2026-06-30,2026-07-13,2499.00
926,926,PRO,CANCELLED,2026-01-12,2026-04-05,2499.00
927,927,BASIC,ACTIVE,2025-12-14,,999.00
928,928,BASIC,ACTIVE,2026-04-17,,999.00
929,929,FREE,ACTIVE,2026-08-14,,0.00
930,930,FREE,ACTIVE,2026-02-11,,0.00
931,931,PRO,ACTIVE,2026-03-29,,2499.00
932,932,BASIC,ACTIVE,2026-03-27,,999.00
933,933,PRO,ACTIVE,2026-02-23,,2499.00
934,934,PRO,ACTIVE,2026-02-07,,2499.00
935,935,PRO,ACTIVE,2025-06-01,,2499.00
936,936,ENTERPRISE,ACTIVE,2026-02-03,,9999.00
937,937,PRO,ACTIVE,2025-07-11,,2499.00
938,938,BASIC,ACTIVE,2026-08-03,,999.00
939,939,PRO,ACTIVE,2025-10-18,,2499.00
940,940,PRO,ACTIVE,2026-04-27,,2499.00
941,941,FREE,EXPIRED,2026-03-23,2026-05-24,0.00
942,942,BASIC,ACTIVE,2025-03-23,,999.00
943,943,PRO,ACTIVE,2026-06-12,,2499.00
944,944,BASIC,ACTIVE,2026-06-09,,999.00
945,945,ENTERPRISE,EXPIRED,2026-06-08,2026-07-29,9999.00
946,946,BASIC,ACTIVE,2026-01-07,,999.00
947,947,BASIC,ACTIVE,2026-04-16,,999.00
948,948,BASIC,ACTIVE,2026-04-18,,999.00
949,949,BASIC,ACTIVE,2026-03-27,,999.00
950,950,PRO,ACTIVE,2025-02-07,,2499.00
951,951,BASIC,ACTIVE,2025-11-10,,999.00
952,952,FREE,ACTIVE,2026-01-03,,0.00
953,953,PRO,CANCELLED,2025-10-22,2026-07-13,2499.00
954,954,BASIC,ACTIVE,2025-06-06,,999.00
955,955,BASIC,ACTIVE,2026-04-19,,999.00
956,956,BASIC,ACTIVE,2026-03-25,,999.00
957,957,BASIC,ACTIVE,2026-03-29,,999.00
958,958,BASIC,ACTIVE,2026-03-24,,999.00
959,959,BASIC,ACTIVE,2025-10-14,,999.00
960,960,BASIC,ACTIVE,2026-03-01,,999.00
961,961,BASIC,ACTIVE,2026-04-05,,999.00
962,962,BASIC,ACTIVE,2026-02-23,,999.00
963,963,BASIC,ACTIVE,2025-08-20,,999.00
964,964,BASIC,CANCELLED,2026-03-21,2026-08-21,999.00
965,965,ENTERPRISE,CANCELLED,2025-11-02,2026-04-16,9999.00
966,966,PRO,ACTIVE,2025-07-22,,2499.00
967,967,PRO,CANCELLED,2026-04-26,2026-05-09,2499.00
968,968,PRO,ACTIVE,2026-03-14,,2499.00
969,969,BASIC,ACTIVE,2025-11-19,,999.00
970,970,BASIC,ACTIVE,2026-05-26,,999.00
971,971,PRO,ACTIVE,2026-05-04,,2499.00
972,972,FREE,ACTIVE,2025-07-28,,0.00
973,973,PRO,CANCELLED,2026-03-20,2026-08-12,2499.00
974,974,BASIC,ACTIVE,2025-02-16,,999.00
975,975,BASIC,EXPIRED,2026-07-06,2026-08-05,999.00
976,976,BASIC,ACTIVE,2026-06-29,,999.00
977,977,BASIC,ACTIVE,2026-06-25,,999.00
978,978,FREE,ACTIVE,2025-11-28,,0.00
979,979,BASIC,ACTIVE,2025-11-26,,999.00
980,980,BASIC,ACTIVE,2026-04-23,,999.00
981,981,PRO,EXPIRED,2026-08-01,2026-08-04,2499.00
982,982,BASIC,ACTIVE,2025-05-07,,999.00
983,983,PRO,EXPIRED,2026-06-16,2026-07-30,2499.00
984,984,PRO,ACTIVE,2025-09-07,,2499.00
985,985,PRO,ACTIVE,2026-03-10,,2499.00
986,986,PRO,CANCELLED,2026-04-27,2026-07-22,2499.00
987,987,BASIC,ACTIVE,2026-01-04,,999.00
988,988,BASIC,ACTIVE,2026-05-21,,999.00
989,989,ENTERPRISE,ACTIVE,2025-08-21,,9999.00
990,990,PRO,ACTIVE,2025-12-23,,2499.00
991,991,PRO,CANCELLED,2026-06-19,2026-08-14,2499.00
992,992,PRO,ACTIVE,2026-01-01,,2499.00
993,993,ENTERPRISE,ACTIVE,2025-07-17,,9999.00
994,994,PRO,EXPIRED,2026-05-24,2026-06-20,2499.00
995,995,PRO,ACTIVE,2026-05-13,,2499.00
996,996,BASIC,ACTIVE,2026-07-26,,999.00
997,997,PRO,ACTIVE,2025-05-03,,2499.00
998,998,PRO,ACTIVE,2025-09-02,,2499.00
999,999,BASIC,EXPIRED,2026-04-04,2026-08-17,999.00
1000,1000,PRO,CANCELLED,2026-07-24,2026-08-28,2499.00
